ID,Binomial,Reference,Class,Order,Family,Genus,Species,Subspecies,Authority,Common_name,Location,Country,All_countries,Region,Latitude,Longitude,Specific_location,System,T_realm,T_biome,FW_realm,FW_biome,M_realm,M_ocean,M_biome,Units,Method,1950,1951,1952,1953,1954,1955,1956,1957,1958,1959,1960,1961,1962,1963,1964,1965,1966,1967,1968,1969,1970,1971,1972,1973,1974,1975,1976,1977,1978,1979,1980,1981,1982,1983,1984,1985,1986,1987,1988,1989,1990,1991,1992,1993,1994,1995,1996,1997,1998,1999,2000,2001,2002,2003,2004,2005,2006,2007,2008,2009,2010,2011,2012,2013,2014,2015
1457,Hippoglossoides_platessoides,"{Myers,  #459}",Actinopterygii,Pleuronectiformes,Pleuronectidae,Hippoglossoides,platessoides,NULL,"(Fabriciús, 1780)",American plaice,West Greenland,Greenland,Greenland,Europe,61.3,-50,0,Marine,NULL,NULL,NULL,NULL,Arctic,Arctic Ocean,Unknown,Spawning stock biomass (tonnes),RV,NULL,NULL,NULL,NULL,NULL,NULL,NULL,NULL,NULL,NULL,NULL,NULL,NULL,NULL,NULL,NULL,NULL,NULL,NULL,NULL,NULL,NULL,NULL,NULL,NULL,NULL,NULL,NULL,NULL,NULL,NULL,NULL,8007,9446,6843,4553,7006,4843,2512,2664,1434,1124,NULL,NULL,NULL,NULL,NULL,NULL,NULL,NULL,NULL,NULL,NULL,NULL,NULL,NULL,NULL,NULL,NULL,NULL,NULL,NULL,NULL,NULL,NULL,NULL
1471,Mallotus_villosus,"{International Council for the Exploration of the Sea, 2009 #2262}",Actinopterygii,Osmeriformes,Osmeridae,Mallotus,villosus,NULL,"(Müller, 1776)",Capelin,Iceland-East Greenland-Jan Mayen area,Iceland,"Iceland, Greenland, Norway",Europe,69.2025,-15.32611,0,Marine,NULL,NULL,NULL,NULL,Arctic,Arctic Ocean,Unknown,SSB (Tonnes),Acoustic surveys,NULL,NULL,NULL,NULL,NULL,NULL,NULL,NULL,NULL,NULL,NULL,NULL,NULL,NULL,NULL,NULL,NULL,NULL,NULL,NULL,NULL,NULL,NULL,NULL,NULL,NULL,NULL,NULL,600000,600000,300000,170000,140000,260000,440000,460000,460000,420000,400000,440000,115000,330000,475000,499000,460000,420000,830000,430000,492000,500000,650000,450000,475000,410000,535000,602000,400000,410000,406000,328000,NULL,NULL,NULL,NULL,NULL,NULL
1529,Pollachius_virens,"{International Council for the Exploration of the Sea, 2010 #675} replaced with {International Council for the Exploration of the Sea, 2014 #3590}",Actinopterygii,Gadiformes,Gadidae,Pollachius,virens,,"(Linnaeus, 1758)",Pollock / Saithe,North-East Arctic saithe (Sub-areas I and II),Norway,"Norway, Russian Federation",Europe,74.75917,30.83167,0,Marine,NULL,NULL,NULL,NULL,Arctic,Arctic Ocean,Unknown,SSB (tonnes),"Assessed using catch-at-age data, acoustic survey and CPUE data from 1 commercial fleet",NULL,NULL,NULL,NULL,NULL,NULL,NULL,NULL,NULL,NULL,461852,455887,460008,455431,477825,515555,477825,490902,471654,511959,565802,554599,538208,537132,491885,398714,282943,211293,190613,172129,152512,156373,137036,162267,146679,112758,85648,72693,87553,100308,118184,114921,95225,97538,148005,196025,244507,242559,290396,306202,365492,368796,433220,418319,495836,574353,511959,523347,454521,348015,309279,271034,270493,272938,250325,NULL
1536,Reinhardtius_hippoglossoides,"{Myers,  #459}",Actinopterygii,Pleuronectiformes,Pleuronectidae,Reinhardtius,hippoglossoides,NULL,"(Walbaum, 1792)",Greenland halibut,NW Atlantic,Greenland,"Greenland, Canada",Europe,65,-55,0,Marine,NULL,NULL,NULL,NULL,Arctic,Arctic Ocean,Unknown,Spawning stock biomass (Thousand  tonnes),SPA,NULL,NULL,NULL,NULL,NULL,NULL,NULL,NULL,NULL,NULL,NULL,NULL,NULL,NULL,NULL,NULL,NULL,NULL,NULL,90.3,94.5,129.6,170.1,184.4,230.2,232.6,221.3,225.6,221.4,209.5,153.6,143.8,124.7,133.9,134.6,148.9,142.1,167,185.1,NULL,NULL,NULL,NULL,NULL,NULL,NULL,NULL,NULL,NULL,NULL,NULL,NULL,NULL,NULL,NULL,NULL,NULL,NULL,NULL,NULL,NULL,NULL,NULL,NULL,NULL,NULL
1590,Alca_torda,"{Anker-Nilssen, 2000 #1811}",Aves,Charadriiformes,Alcidae,Alca,torda,,"Linnaeus, 1758",Razorbill,"Loppa, Norway",Norway,Norway,Europe,70.33333,21.45,1,Marine,NULL,NULL,NULL,NULL,Arctic,Arctic Ocean,Unknown,pairs,Unknown,NULL,NULL,NULL,NULL,NULL,NULL,NULL,NULL,NULL,NULL,NULL,NULL,NULL,NULL,NULL,NULL,NULL,NULL,NULL,750,NULL,NULL,NULL,NULL,NULL,NULL,NULL,NULL,NULL,NULL,NULL,NULL,NULL,NULL,NULL,NULL,NULL,NULL,NULL,NULL,NULL,NULL,NULL,3000,NULL,NULL,NULL,NULL,NULL,NULL,NULL,NULL,NULL,NULL,NULL,NULL,NULL,NULL,NULL,NULL,NULL,NULL,NULL,NULL,NULL,NULL
1591,Alca_torda,"{Anker-Nilssen, 2000 #1811}",Aves,Charadriiformes,Alcidae,Alca,torda,,"Linnaeus, 1758",Razorbill,"Hornoya, Norway",Norway,Norway,Europe,70.38333,31.15,1,Marine,NULL,NULL,NULL,NULL,Arctic,Arctic Ocean,Unknown,pairs,Unknown,NULL,NULL,NULL,NULL,NULL,NULL,NULL,NULL,NULL,NULL,NULL,NULL,NULL,NULL,NULL,NULL,NULL,120,NULL,NULL,NULL,NULL,NULL,NULL,NULL,NULL,NULL,NULL,NULL,NULL,NULL,NULL,NULL,NULL,NULL,NULL,NULL,NULL,300,NULL,NULL,NULL,NULL,NULL,NULL,NULL,NULL,NULL,NULL,NULL,NULL,NULL,NULL,NULL,NULL,NULL,NULL,NULL,NULL,NULL,NULL,NULL,NULL,NULL,NULL,NULL
1592,Alca_torda,"{Anker-Nilssen, 2000 #1811}",Aves,Charadriiformes,Alcidae,Alca,torda,,"Linnaeus, 1758",Razorbill,"Syltefjord, Finmark, Norway",Norway,Norway,Europe,70.56306,30.30694,1,Marine,NULL,NULL,NULL,NULL,Arctic,Arctic Ocean,Unknown,pairs,Unknown,NULL,NULL,NULL,NULL,NULL,NULL,NULL,NULL,NULL,NULL,NULL,NULL,NULL,NULL,NULL,NULL,1200,NULL,NULL,NULL,NULL,NULL,NULL,NULL,NULL,NULL,NULL,NULL,NULL,NULL,NULL,NULL,NULL,NULL,NULL,500,NULL,NULL,NULL,NULL,NULL,NULL,NULL,NULL,NULL,NULL,NULL,NULL,NULL,NULL,NULL,NULL,NULL,NULL,NULL,NULL,NULL,NULL,NULL,NULL,NULL,NULL,NULL,NULL,NULL,NULL
1656,Fratercula_arctica,"{Krasnov, 1995 #1117}",Aves,Charadriiformes,Alcidae,Fratercula,arctica,,"(Linnaeus, 1758)",Atlantic puffin,"Aynov Island, Murmansk, Russia",Russian Federation,Russian Federation,Asia,69.83278,31.60778,1,Marine,NULL,NULL,NULL,NULL,Arctic,Arctic Ocean,Unknown,Breeding pairs,Unknown,3000,NULL,NULL,NULL,NULL,NULL,NULL,3000,8300,8000,8000,8000,7000,6000,3600,1700,1600,1600,2500,2500,2500,3000,3000,3000,2500,2500,3000,2500,2500,2300,3200,3000,3000,3100,3100,2400,2300,2100,2200,1400,NULL,NULL,NULL,NULL,NULL,NULL,NULL,NULL,NULL,NULL,NULL,NULL,NULL,NULL,NULL,NULL,NULL,NULL,NULL,NULL,NULL,NULL,NULL,NULL,NULL,NULL
1695,Larus_smithsonianus,"{Krasnov, 1995 #1117}",Aves,Charadriiformes,Laridae,Larus,smithsonianus,,"Coues, 1862",Arctic herring gull,"Seven islands, Murmansk",Russian Federation,Russian Federation,Asia,68.8,37.43333,1,Marine,NULL,NULL,NULL,NULL,Arctic,Arctic Ocean,Unknown,indiv,Unknown,NULL,NULL,NULL,NULL,NULL,NULL,NULL,NULL,NULL,NULL,1500,NULL,NULL,NULL,NULL,NULL,NULL,NULL,NULL,4500,NULL,NULL,NULL,NULL,NULL,NULL,NULL,NULL,NULL,NULL,NULL,3800,2000,2200,2100,2080,1300,1500,1280,2200,1500,2000,1100,1300,NULL,NULL,NULL,NULL,NULL,NULL,NULL,NULL,NULL,NULL,NULL,NULL,NULL,NULL,NULL,NULL,NULL,NULL,NULL,NULL,NULL,NULL
1706,Larus_canus,"{Krasnov, 1995 #1117}",Aves,Charadriiformes,Laridae,Larus,canus,,"Linnaeus, 1758",Mew gull,"Bolshoi Ainov, Murmansk",Russian Federation,Russian Federation,Asia,69.83278,31.60778,1,Marine,NULL,NULL,NULL,NULL,Arctic,Arctic Ocean,Unknown,indiv,Unknown,1800,NULL,NULL,NULL,NULL,NULL,NULL,NULL,NULL,NULL,NULL,NULL,2000,5000,4800,4300,5500,5800,6500,8000,8000,8000,8000,8000,9500,7500,8500,8500,8500,7500,6500,6300,6000,6800,6600,6600,6000,2800,3000,4000,NULL,NULL,NULL,NULL,NULL,NULL,NULL,NULL,NULL,NULL,NULL,NULL,NULL,NULL,NULL,NULL,NULL,NULL,NULL,NULL,NULL,NULL,NULL,NULL,NULL,NULL
1709,Larus_canus,"{Krasnov, 1995 #1117}",Aves,Charadriiformes,Laridae,Larus,canus,,"Linnaeus, 1758",Mew gull,"Seven Islands, Murmansk",Russian Federation,Russian Federation,Asia,68.8,37.43333,1,Marine,NULL,NULL,NULL,NULL,Arctic,Arctic Ocean,Unknown,indiv,Unknown,NULL,NULL,NULL,NULL,NULL,NULL,NULL,NULL,NULL,NULL,480,NULL,NULL,NULL,NULL,NULL,NULL,NULL,NULL,210,430,NULL,NULL,NULL,NULL,200,220,NULL,100,80,50,80,80,130,130,150,110,90,150,130,120,110,140,90,NULL,NULL,NULL,NULL,NULL,NULL,NULL,NULL,NULL,NULL,NULL,NULL,NULL,NULL,NULL,NULL,NULL,NULL,NULL,NULL,NULL,NULL
1716,Larus_hyperboreus,"{Anker-Nilssen, 2000 #1811}",Aves,Charadriiformes,Laridae,Larus,hyperboreus,,"Gunnerus, 1767",Glaucous gull,Vaygach Island,Russian Federation,Russian Federation,Asia,70.01778,59.4475,1,Marine,NULL,NULL,NULL,NULL,Arctic,Arctic Ocean,Unknown,Unknown,Unknown,NULL,NULL,NULL,NULL,NULL,NULL,NULL,NULL,NULL,NULL,NULL,NULL,NULL,NULL,NULL,NULL,NULL,220,NULL,NULL,NULL,NULL,NULL,NULL,NULL,NULL,NULL,NULL,NULL,NULL,NULL,NULL,NULL,NULL,NULL,NULL,NULL,NULL,NULL,NULL,NULL,NULL,1000,NULL,NULL,NULL,NULL,NULL,NULL,NULL,NULL,NULL,NULL,NULL,NULL,NULL,NULL,NULL,NULL,NULL,NULL,NULL,NULL,NULL,NULL,NULL
1758,Pagophila_eburnea,"{Anker-Nilssen, 2000 #1811}",Aves,Charadriiformes,Laridae,Pagophila,eburnea,,"(Phipps, 1774)",Ivory gull,Franz Josef Land,Russian Federation,Russian Federation,Asia,81,55,0,Marine,NULL,NULL,NULL,NULL,Arctic,Arctic Ocean,Unknown,Unknown,Unknown,NULL,NULL,NULL,NULL,NULL,NULL,NULL,NULL,NULL,NULL,NULL,200,NULL,NULL,NULL,NULL,NULL,NULL,NULL,NULL,NULL,NULL,NULL,NULL,NULL,NULL,NULL,NULL,NULL,NULL,NULL,NULL,NULL,NULL,NULL,NULL,NULL,NULL,NULL,NULL,NULL,NULL,NULL,NULL,170,750,NULL,NULL,NULL,NULL,NULL,NULL,NULL,NULL,NULL,NULL,NULL,NULL,NULL,NULL,NULL,NULL,NULL,NULL,NULL,NULL
1792,Phalaropus_fulicarius,"{Anker-Nilssen, 2000 #1811}",Aves,Charadriiformes,Scolopacidae,Phalaropus,fulicarius,,"(Linnaeus, 1758)",Red phalarope / Grey phalarope,"Bear Island, Svalbard",Svalbard And Jan Mayen,Svalbard And Jan Mayen,Europe,74.51667,19.01667,1,Marine,NULL,NULL,NULL,NULL,Arctic,Arctic Ocean,Unknown,Breeding pairs,Unknown,NULL,NULL,NULL,NULL,NULL,NULL,NULL,NULL,NULL,NULL,NULL,NULL,NULL,NULL,NULL,50,NULL,NULL,NULL,NULL,NULL,NULL,NULL,NULL,NULL,NULL,NULL,NULL,NULL,NULL,NULL,NULL,NULL,NULL,NULL,NULL,NULL,NULL,NULL,NULL,NULL,NULL,NULL,NULL,NULL,NULL,11,NULL,NULL,NULL,NULL,NULL,NULL,NULL,NULL,NULL,NULL,NULL,NULL,NULL,NULL,NULL,NULL,NULL,NULL,NULL
1793,Phalaropus_fulicarius,"{Anker-Nilssen, 2000 #1811}",Aves,Charadriiformes,Scolopacidae,Phalaropus,fulicarius,NULL,"(Linnaeus, 1758)",Red phalarope / Grey phalarope,"Ny Alesund, Svalbard",Svalbard And Jan Mayen,Svalbard And Jan Mayen,Europe,78.91667,11.93333,0,Marine,NULL,NULL,NULL,NULL,Arctic,Arctic Ocean,Unknown,Breeding pairs,Unknown,NULL,NULL,NULL,NULL,NULL,NULL,NULL,NULL,NULL,NULL,NULL,NULL,NULL,NULL,NULL,NULL,NULL,NULL,NULL,NULL,NULL,NULL,NULL,NULL,NULL,NULL,NULL,NULL,NULL,NULL,22,NULL,NULL,NULL,NULL,NULL,NULL,NULL,NULL,NULL,NULL,NULL,NULL,NULL,NULL,NULL,NULL,NULL,NULL,5,NULL,NULL,NULL,NULL,NULL,NULL,NULL,NULL,NULL,NULL,NULL,NULL,NULL,NULL,NULL,NULL
1813,Rissa_tridactyla,"{Anker-Nilssen, 2000 #1811}",Aves,Charadriiformes,Laridae,Rissa,tridactyla,NULL,"(Linnaeus, 1758)",Black-legged kittiwake,"Arkhangelskaya Bay, Novaya Zemya",Russian Federation,Russian Federation,Asia,75.87861,59.26056,1,Marine,NULL,NULL,NULL,NULL,Arctic,Arctic Ocean,Unknown,Breeding pairs,Unknown,NULL,NULL,NULL,NULL,NULL,NULL,NULL,NULL,NULL,NULL,NULL,NULL,NULL,NULL,NULL,NULL,NULL,2200,NULL,NULL,NULL,NULL,NULL,NULL,NULL,NULL,NULL,NULL,NULL,NULL,NULL,NULL,NULL,NULL,NULL,NULL,NULL,NULL,NULL,NULL,NULL,NULL,200,NULL,NULL,NULL,3150,NULL,NULL,NULL,NULL,NULL,NULL,NULL,NULL,NULL,NULL,NULL,NULL,NULL,NULL,NULL,NULL,NULL,NULL,NULL
1814,Rissa_tridactyla,"{Anker-Nilssen, 2000 #1811}",Aves,Charadriiformes,Laridae,Rissa,tridactyla,NULL,"(Linnaeus, 1758)",Black-legged kittiwake,"Bear Island, Svalbard",Svalbard And Jan Mayen,Svalbard And Jan Mayen,Europe,74.51667,19.01667,1,Marine,NULL,NULL,NULL,NULL,Arctic,Arctic Ocean,Unknown,Breeding pairs,Unknown,NULL,NULL,NULL,NULL,NULL,NULL,NULL,NULL,NULL,NULL,NULL,NULL,NULL,NULL,NULL,NULL,NULL,NULL,NULL,NULL,100000,NULL,NULL,NULL,NULL,NULL,NULL,NULL,NULL,NULL,NULL,NULL,NULL,NULL,NULL,NULL,NULL,NULL,NULL,NULL,NULL,NULL,NULL,NULL,NULL,NULL,NULL,NULL,NULL,NULL,90000,NULL,NULL,NULL,NULL,NULL,NULL,NULL,NULL,NULL,NULL,NULL,NULL,NULL,NULL,NULL
1815,Rissa_tridactyla,"{Anker-Nilssen, 2000 #1811}",Aves,Charadriiformes,Laridae,Rissa,tridactyla,,"(Linnaeus, 1758)",Black-legged kittiwake,"Bezymyannaya bay, Novaya Zemlya",Russian Federation,Russian Federation,Asia,72.92806,53.46778,1,Marine,NULL,NULL,NULL,NULL,Arctic,Arctic Ocean,Unknown,Breeding pairs,Unknown,NULL,NULL,NULL,NULL,NULL,NULL,NULL,NULL,NULL,NULL,NULL,NULL,NULL,NULL,NULL,NULL,NULL,NULL,NULL,NULL,NULL,NULL,NULL,NULL,NULL,NULL,NULL,NULL,NULL,NULL,NULL,NULL,NULL,NULL,NULL,NULL,NULL,NULL,NULL,NULL,NULL,NULL,11000,NULL,NULL,NULL,NULL,NULL,NULL,NULL,NULL,NULL,NULL,NULL,NULL,NULL,NULL,NULL,NULL,NULL,NULL,NULL,NULL,NULL,NULL,NULL
1826,Rissa_tridactyla,"{Anker-Nilssen, 2000 #1811}",Aves,Charadriiformes,Laridae,Rissa,tridactyla,NULL,"(Linnaeus, 1758)",Black-legged kittiwake,"Rubini Rock, Hooker Island, Franz Josef Land",Russian Federation,Russian Federation,Asia,80.3,52.83333,1,Marine,NULL,NULL,NULL,NULL,Arctic,Arctic Ocean,Unknown,Breeding pairs,Unknown,NULL,NULL,NULL,NULL,NULL,NULL,NULL,NULL,NULL,NULL,NULL,NULL,NULL,NULL,NULL,NULL,NULL,NULL,NULL,NULL,NULL,NULL,NULL,NULL,NULL,NULL,NULL,NULL,NULL,NULL,NULL,5000,NULL,NULL,NULL,NULL,NULL,NULL,NULL,NULL,NULL,5000,NULL,NULL,NULL,NULL,NULL,NULL,NULL,NULL,NULL,NULL,NULL,NULL,NULL,NULL,NULL,NULL,NULL,NULL,NULL,NULL,NULL,NULL,NULL,NULL
1832,Rissa_tridactyla,"{Anker-Nilssen, 2000 #1811}",Aves,Charadriiformes,Laridae,Rissa,tridactyla,NULL,"(Linnaeus, 1758)",Black-legged kittiwake,"Vilkitski Bay, Novaya Zemlya",Russian Federation,Russian Federation,Asia,70.76889,53.92139,0,Marine,NULL,NULL,NULL,NULL,Arctic,Arctic Ocean,Unknown,Breeding pairs,Unknown,NULL,NULL,NULL,NULL,NULL,NULL,NULL,NULL,NULL,NULL,NULL,NULL,NULL,NULL,NULL,NULL,NULL,54000,NULL,NULL,NULL,NULL,NULL,NULL,NULL,NULL,NULL,NULL,NULL,NULL,NULL,NULL,NULL,NULL,NULL,NULL,NULL,NULL,NULL,NULL,NULL,NULL,4300,NULL,NULL,NULL,NULL,NULL,NULL,NULL,NULL,NULL,NULL,NULL,NULL,NULL,NULL,NULL,NULL,NULL,NULL,NULL,NULL,NULL,NULL,NULL
1847,Stercorarius_parasiticus,"{Anker-Nilssen, 2000 #1811}",Aves,Charadriiformes,Stercorariidae,Stercorarius,parasiticus,NULL,"(Linnaeus, 1758)",Arctic jaeger / Parasitic jaeger / Arctic skua,"Kharlov Island, Murmansk Coast",Russian Federation,Russian Federation,Asia,68.8075,37.34528,1,Marine,NULL,NULL,NULL,NULL,Arctic,Arctic Ocean,Unknown,Breeding pairs,Unknown,NULL,NULL,NULL,NULL,NULL,NULL,NULL,NULL,NULL,NULL,4,NULL,NULL,NULL,NULL,NULL,NULL,NULL,NULL,NULL,NULL,NULL,NULL,NULL,NULL,NULL,NULL,NULL,NULL,7,NULL,NULL,NULL,NULL,NULL,NULL,NULL,NULL,NULL,22,28,38,NULL,NULL,NULL,20,NULL,NULL,NULL,NULL,NULL,NULL,NULL,NULL,NULL,NULL,NULL,NULL,NULL,NULL,NULL,NULL,NULL,NULL,NULL,NULL
1877,Sterna_paradisaea,"{Anker-Nilssen, 2000 #1811}",Aves,Charadriiformes,Laridae,Sterna,paradisaea,NULL,"Pontoppidan, 1763",Arctic tern,"Oneshski Bay, White Sea, Russia",Russian Federation,Russian Federation,Asia,64.99917,34.78,0,Marine,NULL,NULL,NULL,NULL,Arctic,Arctic Ocean,Unknown,Breeding pairs,Unknown,NULL,NULL,NULL,NULL,NULL,NULL,NULL,NULL,NULL,NULL,9000,NULL,NULL,NULL,NULL,NULL,NULL,NULL,NULL,NULL,NULL,NULL,NULL,NULL,NULL,NULL,NULL,NULL,NULL,NULL,NULL,NULL,NULL,10000,NULL,NULL,NULL,NULL,NULL,NULL,NULL,NULL,10000,NULL,NULL,NULL,NULL,NULL,NULL,NULL,NULL,NULL,NULL,NULL,NULL,NULL,NULL,NULL,NULL,NULL,NULL,NULL,NULL,NULL,NULL,NULL
1879,Sterna_paradisaea,"{Krasnov, 1995 #1117}",Aves,Charadriiformes,Laridae,Sterna,paradisaea,,"Pontoppidan, 1763",Arctic tern,"Seven Islands, Murmansk Coast, Russia",Russian Federation,Russian Federation,Asia,68.8,37.43333,1,Marine,NULL,NULL,NULL,NULL,Arctic,Arctic Ocean,Unknown,Breeding pairs,Unknown,NULL,NULL,NULL,NULL,NULL,NULL,NULL,NULL,NULL,100,500,NULL,NULL,NULL,NULL,NULL,NULL,NULL,NULL,3200,1400,500,600,150,250,150,400,250,200,450,300,2000,1000,500,500,500,700,NULL,250,400,500,1700,500,NULL,NULL,NULL,NULL,NULL,NULL,NULL,NULL,NULL,NULL,NULL,NULL,NULL,NULL,NULL,NULL,NULL,NULL,NULL,NULL,NULL,NULL,NULL
1905,Uria_aalge,"{Anker-Nilssen, 2000 #1811}",Aves,Charadriiformes,Alcidae,Uria,aalge,NULL,"(Pontoppidan, 1763)",Common murre / Common guillemot,"Bear Island, Svalbard",Svalbard And Jan Mayen,Svalbard And Jan Mayen,Europe,74.51667,19.01667,1,Marine,NULL,NULL,NULL,NULL,Arctic,Arctic Ocean,Unknown,Breeding pairs,Unknown,NULL,NULL,NULL,NULL,NULL,NULL,NULL,NULL,NULL,NULL,NULL,NULL,NULL,NULL,NULL,NULL,NULL,NULL,NULL,NULL,310000,NULL,NULL,NULL,NULL,NULL,NULL,NULL,NULL,NULL,NULL,NULL,NULL,NULL,NULL,NULL,245000,36000,80000,90000,NULL,NULL,42900,NULL,NULL,NULL,NULL,NULL,NULL,NULL,NULL,NULL,NULL,NULL,NULL,NULL,NULL,NULL,NULL,NULL,NULL,NULL,NULL,NULL,NULL,NULL
1907,Uria_aalge,"{Anker-Nilssen, 2000 #1811}",Aves,Charadriiformes,Alcidae,Uria,aalge,NULL,"(Pontoppidan, 1763)",Common murre / Common guillemot,"Hjelmsoy, Norway",Norway,Norway,Europe,71.06194,24.70306,1,Marine,NULL,NULL,NULL,NULL,Arctic,Arctic Ocean,Unknown,individuals;,Unknown,NULL,NULL,NULL,NULL,NULL,NULL,NULL,NULL,NULL,NULL,NULL,NULL,NULL,NULL,220000,NULL,180000,NULL,NULL,NULL,NULL,NULL,NULL,NULL,140000,NULL,NULL,NULL,NULL,NULL,NULL,NULL,NULL,NULL,NULL,29000,13000,3000,12000,12000,10400,NULL,3600,NULL,NULL,NULL,NULL,NULL,NULL,5000,NULL,NULL,NULL,NULL,NULL,NULL,NULL,NULL,NULL,NULL,NULL,NULL,NULL,NULL,NULL,NULL
1910,Uria_aalge,"{Krasnov, 1995 #1117}updated with{Krasnov, 2007 #1791}",Aves,Charadriiformes,Alcidae,Uria,aalge,,"(Pontoppidan, 1763)",Common murre / Common guillemot,"Karlov Island, Murmansk, Russia",Russian Federation,Russian Federation,Asia,68.81361,37.33639,1,Marine,NULL,NULL,NULL,NULL,Arctic,Arctic Ocean,Unknown,Number of individuals,Population counts/survey,NULL,NULL,NULL,NULL,2000,NULL,1200,NULL,2400,1800,1700,2700,2700,3200,1400,NULL,2100,2100,2200,2400,3000,2800,4100,4700,5200,5500,6100,NULL,6400,4800,6000,6050,6800,4900,8200,7800,7200,1100,1000,1200,1200,2000,2200,1900,2900,3300,2400,3500,3300,5700,NULL,NULL,NULL,NULL,NULL,NULL,NULL,NULL,NULL,NULL,NULL,NULL,NULL,NULL,NULL,NULL
1921,Uria_aalge,"{Anker-Nilssen, 1991 #1154}",Aves,Charadriiformes,Alcidae,Uria,aalge,NULL,"(Pontoppidan, 1763)",Common murre / Common guillemot,"Syltefjord, Finmark, Norway",Norway,Norway,Europe,70.56306,30.30694,1,Marine,NULL,NULL,NULL,NULL,Arctic,Arctic Ocean,Unknown,Breeding pairs,Rounded values from different sources,NULL,NULL,NULL,NULL,NULL,NULL,NULL,NULL,NULL,NULL,NULL,NULL,NULL,NULL,NULL,12300,NULL,NULL,NULL,NULL,NULL,NULL,NULL,NULL,9000,NULL,NULL,NULL,NULL,NULL,NULL,NULL,NULL,NULL,NULL,13000,10600,1800,2200,2400,NULL,NULL,NULL,NULL,NULL,NULL,NULL,NULL,NULL,NULL,NULL,NULL,NULL,NULL,NULL,NULL,NULL,NULL,NULL,NULL,NULL,NULL,NULL,NULL,NULL,NULL
1925,Uria_lomvia,"{Krasnov, 1995 #1117}",Aves,Charadriiformes,Alcidae,Uria,lomvia,NULL,"(Linnaeus, 1758)",Thick-billed murre / Guillemot,Bezymyannaya bay,Russian Federation,Russian Federation,Asia,68.26333,38.93583,1,Marine,NULL,NULL,NULL,NULL,Arctic,Arctic Ocean,Unknown,individuals;,Unknown,NULL,NULL,NULL,NULL,NULL,NULL,NULL,NULL,NULL,NULL,NULL,NULL,NULL,NULL,NULL,NULL,NULL,NULL,NULL,NULL,NULL,NULL,NULL,NULL,NULL,NULL,NULL,NULL,NULL,NULL,NULL,NULL,NULL,NULL,NULL,NULL,NULL,NULL,NULL,NULL,NULL,NULL,81000,NULL,141000,NULL,NULL,NULL,NULL,NULL,NULL,NULL,NULL,NULL,NULL,NULL,NULL,NULL,NULL,NULL,NULL,NULL,NULL,NULL,NULL,NULL
1926,Uria_lomvia,"{Anker-Nilssen, 2000 #1811}",Aves,Charadriiformes,Alcidae,Uria,lomvia,NULL,"(Linnaeus, 1758)",Thick-billed murre / Guillemot,Hornoya,Norway,Norway,Europe,70.38333,31.15,1,Marine,NULL,NULL,NULL,NULL,Arctic,Arctic Ocean,Unknown,individuals;,Unknown,NULL,NULL,NULL,NULL,NULL,NULL,NULL,NULL,NULL,NULL,NULL,NULL,NULL,NULL,100,NULL,NULL,NULL,NULL,NULL,NULL,NULL,NULL,NULL,NULL,NULL,NULL,NULL,NULL,NULL,NULL,NULL,NULL,450,NULL,NULL,NULL,300,NULL,NULL,NULL,NULL,500,NULL,NULL,NULL,600,NULL,NULL,NULL,NULL,NULL,NULL,NULL,NULL,NULL,NULL,NULL,NULL,NULL,NULL,NULL,NULL,NULL,NULL,NULL
1927,Uria_lomvia,"{Falk, 1997 #1151}",Aves,Charadriiformes,Alcidae,Uria,lomvia,,"(Linnaeus, 1758)",Thick-billed murre / Guillemot,Kap Brewster,Greenland,Greenland,Europe,70.5,-23.65,0,Marine,NULL,NULL,NULL,NULL,Arctic,Arctic Ocean,Unknown,individuals;,Unknown,NULL,NULL,NULL,NULL,NULL,NULL,NULL,NULL,NULL,NULL,NULL,NULL,NULL,NULL,NULL,NULL,NULL,NULL,NULL,NULL,NULL,NULL,NULL,NULL,30900,NULL,NULL,NULL,NULL,NULL,NULL,NULL,NULL,NULL,NULL,NULL,NULL,NULL,NULL,NULL,NULL,NULL,NULL,NULL,NULL,14470,NULL,NULL,NULL,NULL,NULL,NULL,NULL,NULL,NULL,NULL,NULL,NULL,NULL,NULL,NULL,NULL,NULL,NULL,NULL,NULL
1928,Uria_lomvia,"{Krasnov, 1995 #1117}",Aves,Charadriiformes,Alcidae,Uria,lomvia,,"(Linnaeus, 1758)",Thick-billed murre / Guillemot,Kharlov Island,Russian Federation,Russian Federation,Asia,68.81361,37.33639,1,Marine,NULL,NULL,NULL,NULL,Arctic,Arctic Ocean,Unknown,individuals;,Unknown,NULL,NULL,NULL,NULL,950,NULL,250,NULL,400,750,800,1500,1000,800,700,NULL,950,900,1100,1000,1150,1200,1900,2000,1900,1900,2100,NULL,2050,1400,900,1100,1500,800,1200,1600,1500,900,1000,800,800,1100,1150,950,NULL,NULL,NULL,NULL,NULL,NULL,NULL,NULL,NULL,NULL,NULL,NULL,NULL,NULL,NULL,NULL,NULL,NULL,NULL,NULL,NULL,NULL
1929,Uria_lomvia,"{Anker-Nilssen, 2000 #1811}",Aves,Charadriiformes,Alcidae,Uria,lomvia,NULL,"(Linnaeus, 1758)",Thick-billed murre / Guillemot,Svalbard,Svalbard And Jan Mayen,Svalbard And Jan Mayen,Europe,78,20,0,Marine,NULL,NULL,NULL,NULL,Arctic,Arctic Ocean,Unknown,individuals;,Unknown,NULL,NULL,NULL,NULL,NULL,NULL,NULL,NULL,NULL,NULL,NULL,NULL,NULL,NULL,NULL,NULL,NULL,NULL,NULL,NULL,NULL,NULL,NULL,NULL,NULL,NULL,NULL,NULL,NULL,NULL,NULL,NULL,NULL,NULL,NULL,145000,NULL,NULL,NULL,171000,NULL,NULL,NULL,NULL,NULL,NULL,NULL,NULL,NULL,NULL,NULL,NULL,NULL,NULL,NULL,NULL,NULL,NULL,NULL,NULL,NULL,NULL,NULL,NULL,NULL,NULL
1945,Balaenoptera_physalus,"{Meredith, 1988 #527}",Mammalia,Cetacea,Balaenopteridae,Balaenoptera,physalus,NULL,"(Linnaeus, 1758)",Fin whale,Greenland,Greenland,Greenland,Europe,60.13333,-47,0,Marine,NULL,NULL,NULL,NULL,Arctic,Arctic Ocean,Unknown,Individuals,Unknown,NULL,NULL,NULL,NULL,NULL,NULL,NULL,NULL,NULL,NULL,NULL,NULL,NULL,NULL,NULL,NULL,NULL,NULL,NULL,NULL,7043,NULL,NULL,NULL,NULL,NULL,NULL,NULL,NULL,NULL,NULL,NULL,NULL,NULL,NULL,7174,NULL,NULL,NULL,NULL,NULL,NULL,NULL,NULL,NULL,NULL,NULL,NULL,NULL,NULL,NULL,NULL,NULL,NULL,NULL,NULL,NULL,NULL,NULL,NULL,NULL,NULL,NULL,NULL,NULL,NULL
2186,Balaena_mysticetus,"{Angliss, 2006 #1434}",Mammalia,Cetacea,Balaenidae,Balaena,mysticetus,,"Linnaeus, 1758",Bowhead whale,"Western Arctic stock, Alaska (aka Bering-Chukchi-Beaufort stock)",United States,United States,North America,71.32306,-165.58333,0,Marine,NULL,NULL,NULL,NULL,Arctic,Arctic Ocean,Polar seas,Number of individuals,Estimate from ice based census counts,NULL,NULL,NULL,NULL,NULL,NULL,NULL,NULL,NULL,NULL,NULL,NULL,NULL,NULL,NULL,NULL,NULL,NULL,NULL,NULL,NULL,NULL,NULL,NULL,NULL,NULL,NULL,NULL,4765,NULL,3885,4467,7395,6573,NULL,5762,8917,5298,6928,NULL,NULL,NULL,NULL,8167,NULL,NULL,NULL,NULL,NULL,NULL,NULL,10545,NULL,NULL,NULL,NULL,NULL,NULL,NULL,NULL,NULL,NULL,NULL,NULL,NULL,NULL
2193,Delphinapterus_leucas,"{NOAA, 1999 #1131}",Mammalia,Cetacea,Monodontidae,Delphinapterus,leucas,NULL,"(Pallas, 1776)",Beluga whale,"Eastern Chukchi Sea Stock, Alaska",United States,United States,North America,68.2025,-167.55222,0,Marine,NULL,NULL,NULL,NULL,Arctic,Arctic Ocean,Unknown,Number of individuals,Counts,NULL,NULL,NULL,NULL,NULL,NULL,NULL,NULL,NULL,NULL,NULL,NULL,NULL,NULL,NULL,NULL,NULL,NULL,NULL,NULL,NULL,NULL,NULL,NULL,NULL,NULL,NULL,NULL,NULL,NULL,1352,NULL,NULL,NULL,NULL,NULL,NULL,NULL,NULL,NULL,1200,NULL,NULL,NULL,NULL,NULL,NULL,NULL,1171,NULL,NULL,NULL,NULL,NULL,NULL,NULL,NULL,NULL,NULL,NULL,NULL,NULL,NULL,NULL,NULL,NULL
2233,Ursus_maritimus,"{U.S. Fish and Wildlife Service, 2002 #1085}",Mammalia,Carnivora,Ursidae,Ursus,maritimus,NULL,"Phipps, 1774",Polar bear,Alaskan Stock,United States,United States,North America,64.00028,-150.00028,0,Marine,NULL,NULL,NULL,NULL,Arctic,Arctic Ocean,Unknown,population estimate,Unknown,NULL,NULL,NULL,NULL,NULL,NULL,NULL,NULL,NULL,NULL,NULL,NULL,NULL,NULL,NULL,NULL,NULL,NULL,NULL,NULL,NULL,NULL,NULL,NULL,NULL,NULL,NULL,5625,NULL,NULL,NULL,NULL,NULL,NULL,NULL,NULL,NULL,NULL,4000,NULL,NULL,NULL,NULL,NULL,NULL,NULL,NULL,NULL,NULL,NULL,NULL,NULL,NULL,NULL,NULL,NULL,NULL,NULL,NULL,NULL,NULL,NULL,NULL,NULL,NULL,NULL
2326,Mallotus_villosus,"{International Council for the Exploration of the Sea, 2010 #675}  updated with  {International Council for the Exploration of the Sea, 2014 #3584}",Actinopterygii,Osmeriformes,Osmeridae,Mallotus,villosus,,"(Müller, 1776)",Capelin,Barents Sea,Russian Federation,"Russian Federation, Norway, Finland",Asia,74,36,0,Marine,NULL,NULL,NULL,NULL,Arctic,Arctic Ocean,Unknown,SSB (Thousand tonnes),Acoustic surveys in September,NULL,NULL,NULL,NULL,NULL,NULL,NULL,NULL,NULL,NULL,NULL,NULL,NULL,NULL,NULL,NULL,NULL,NULL,NULL,NULL,NULL,NULL,NULL,33,NULL,NULL,253,22,NULL,NULL,NULL,316,106,100,109,NULL,NULL,34,NULL,84,92,643,302,293,139,60,60,85,94,382,599,626,496,427,94,122,72,189,330,517,504,487,504,479,389,NULL
2365,Balaenoptera_acutorostrata,"{Øien, 2009 #3583}",Mammalia,Cetacea,Balaenopteridae,Balaenoptera,acutorostrata,,"Lacépède, 1804",Minke whale,"Barentshavet, Grønlandshavet, Norskehavet og Nordsjøen",Norway,Norway,Europe,74,36,0,Marine,NULL,NULL,NULL,NULL,Arctic,Arctic Ocean,Unknown,Individuals,"Population estimate calculated from surveys conducted in 1989, 1995, 1996-2001 and 2002-2007.",NULL,NULL,NULL,NULL,NULL,NULL,NULL,NULL,NULL,NULL,NULL,NULL,NULL,NULL,NULL,NULL,NULL,NULL,NULL,NULL,NULL,NULL,NULL,NULL,NULL,NULL,NULL,NULL,NULL,NULL,NULL,NULL,NULL,NULL,NULL,NULL,NULL,NULL,NULL,64422,NULL,NULL,NULL,NULL,NULL,111580,NULL,NULL,NULL,79461,NULL,NULL,NULL,NULL,NULL,78500,NULL,NULL,NULL,NULL,NULL,NULL,NULL,NULL,NULL,NULL
2499,Calidris_alpina,"{Strann, 1996 #1315}",Aves,Charadriiformes,Scolopacidae,Calidris,alpina,,"(Linnaeus, 1758)",Dunlin,"Slettnes,Gamvik, Finnmark",Norway,Norway,Europe,71.08333,28.21667,1,Marine,NULL,NULL,NULL,NULL,Arctic,Arctic Ocean,Unknown,Number of hatching couples in the surveillance area,Unknown,NULL,NULL,NULL,NULL,NULL,NULL,NULL,NULL,NULL,NULL,NULL,NULL,NULL,NULL,NULL,NULL,NULL,NULL,NULL,NULL,NULL,NULL,NULL,NULL,NULL,NULL,NULL,NULL,NULL,NULL,NULL,NULL,NULL,NULL,NULL,NULL,NULL,NULL,NULL,18,15,16,15,17,16,18,16,NULL,NULL,NULL,NULL,NULL,NULL,NULL,NULL,NULL,NULL,NULL,NULL,NULL,NULL,NULL,NULL,NULL,NULL,NULL
2519,Stercorarius_parasiticus,"{Strann, 1996 #1315}",Aves,Charadriiformes,Stercorariidae,Stercorarius,parasiticus,,"(Linnaeus, 1758)",Arctic jaeger / Parasitic jaeger / Arctic skua,"Slettnes,Gamvik, Finnmark",Norway,Norway,Europe,71.08333,28.21667,1,Marine,NULL,NULL,NULL,NULL,Arctic,Arctic Ocean,Unknown,Number of hatching couples in the surveillance area,Unknown,NULL,NULL,NULL,NULL,NULL,NULL,NULL,NULL,NULL,NULL,NULL,NULL,NULL,NULL,NULL,NULL,NULL,NULL,NULL,NULL,NULL,NULL,NULL,NULL,NULL,NULL,NULL,NULL,NULL,NULL,NULL,NULL,NULL,NULL,NULL,NULL,NULL,NULL,NULL,42,21,36,39,42,47,49,46,NULL,NULL,NULL,NULL,NULL,NULL,NULL,NULL,NULL,NULL,NULL,NULL,NULL,NULL,NULL,NULL,NULL,NULL,NULL
2520,Sterna_paradisaea,"{Günther, 2003 #1098} updated with {Günther, 2006 #2273}",Aves,Charadriiformes,Laridae,Sterna,paradisaea,,"Pontoppidan, 1763",Arctic tern,"Pasvik naturreservat, Sør-Varanger, Finnmark",Norway,Norway,Europe,69.14694,29.21528,1,Marine,NULL,NULL,NULL,NULL,Arctic,Arctic Ocean,Unknown,Maximum observed during spring/autumn,Unknown,NULL,NULL,NULL,NULL,NULL,NULL,NULL,NULL,NULL,NULL,NULL,NULL,NULL,NULL,NULL,NULL,NULL,NULL,NULL,NULL,NULL,NULL,NULL,NULL,NULL,NULL,NULL,NULL,NULL,NULL,NULL,NULL,NULL,NULL,NULL,NULL,NULL,NULL,NULL,NULL,NULL,NULL,NULL,NULL,NULL,NULL,200,52,145,76,43,106,43,70,56,101,NULL,NULL,NULL,NULL,NULL,NULL,NULL,NULL,NULL,NULL
2528,Boreogadus_saida,"{Michalsen, 2004 #1309} updated with {Stiansen, 2008 #1800} updated with {McBride, 2014 #3582}  ",Actinopterygii,Gadiformes,Gadidae,Boreogadus,saida,,"(Lepechin, 1774)",Polar cod / Arctic cod,Barentshavet,Norway,Norway,Europe,74,36,0,Marine,NULL,NULL,NULL,NULL,Arctic,Arctic Ocean,Unknown,Population estimate (thousand tonnes),Acoustic survey,NULL,NULL,NULL,NULL,NULL,NULL,NULL,NULL,NULL,NULL,NULL,NULL,NULL,NULL,NULL,NULL,NULL,NULL,NULL,NULL,NULL,NULL,NULL,NULL,NULL,NULL,NULL,NULL,NULL,NULL,NULL,NULL,NULL,NULL,NULL,NULL,308.8,382.8,86,207.8,127.3,381.5,594.9,609.7,540.5,426.2,487.4,400.7,839.5,1141.9,1347.8,1869.6,1377.2,280.2,1150,1730,1910,1220,1219.6,891.9,1432.4,861.5,324.3,483.1,NULL,NULL
2545,Alca_torda,"{Lorentsen, 2009 #2275}",Aves,Charadriiformes,Alcidae,Alca,torda,NULL,"Linnaeus, 1758",Razorbill,"Hjelmsøy, Måsøy, Finnmark",Norway,Norway,Europe,70.91667,24.68333,0,Marine,NULL,NULL,NULL,NULL,Arctic,Arctic Ocean,Unknown,Percentage change in relation to mean for all years,Internationally recommended methods (in Norwegian),NULL,NULL,NULL,NULL,NULL,NULL,NULL,NULL,NULL,NULL,NULL,NULL,NULL,NULL,NULL,NULL,NULL,NULL,NULL,NULL,NULL,NULL,NULL,NULL,NULL,NULL,NULL,NULL,NULL,NULL,NULL,NULL,NULL,NULL,NULL,NULL,NULL,NULL,NULL,NULL,NULL,NULL,NULL,NULL,NULL,NULL,138.9394,144.7422,167.8847,174.0042,185.0182,108.1396,97.6248,49.1943,85.0329,60.0541,40.7126,40.0927,12.4918,NULL,NULL,NULL,NULL,NULL,NULL,NULL
2555,Fratercula_arctica,"{Lorentsen, 2009 #2275}",Aves,Charadriiformes,Alcidae,Fratercula,arctica,,"(Linnaeus, 1758)",Atlantic puffin,"Hornøy, Vardø, Finnmark",Norway,Norway,Europe,70.38333,31.15,1,Marine,NULL,NULL,NULL,NULL,Arctic,Arctic Ocean,Unknown,Population in % of mean,Apparently occupied nests,NULL,NULL,NULL,NULL,NULL,NULL,NULL,NULL,NULL,NULL,NULL,NULL,NULL,NULL,NULL,NULL,NULL,NULL,NULL,NULL,NULL,NULL,NULL,NULL,NULL,NULL,NULL,NULL,NULL,NULL,59.3092,72.2841,73.7867,73.7792,NULL,77.563,NULL,76.8622,86.4949,NULL,100.2427,98.7627,88.0049,92.8018,93.3422,90.8834,99.2953,103.7842,100.1586,95.2423,112.3664,115.7238,125.6902,66.9824,73.1825,96.0299,74.2559,77.3834,93.2043,NULL,NULL,NULL,NULL,NULL,NULL,NULL
2617,Larus_canus,"{Günther, 2003 #1098}",Aves,Charadriiformes,Laridae,Larus,canus,,"Linnaeus, 1758",Mew gull,"Pasvik naturreservat, Sør-Varanger, Finnmark",Norway,Norway,Europe,69.14694,29.21528,1,Marine,NULL,NULL,NULL,NULL,Arctic,Arctic Ocean,Unknown,Number,Unknown,NULL,NULL,NULL,NULL,NULL,NULL,NULL,NULL,NULL,NULL,NULL,NULL,NULL,NULL,NULL,NULL,NULL,NULL,NULL,NULL,NULL,NULL,NULL,NULL,NULL,NULL,NULL,NULL,NULL,NULL,NULL,NULL,NULL,NULL,NULL,NULL,NULL,NULL,NULL,NULL,NULL,NULL,NULL,NULL,NULL,NULL,13,20,27,37,35,35,77,21,NULL,NULL,NULL,NULL,NULL,NULL,NULL,NULL,NULL,NULL,NULL,NULL
2669,Rissa_tridactyla,"{Lorentsen, 2009 #2275}",Aves,Charadriiformes,Laridae,Rissa,tridactyla,,"(Linnaeus, 1758)",Black-legged kittiwake,"Hjelmsøy, Måsøy, Finnmark",Norway,Norway,Europe,70.91667,24.68333,0,Marine,NULL,NULL,NULL,NULL,Arctic,Arctic Ocean,Unknown,Index ,Relative number,NULL,NULL,NULL,NULL,NULL,NULL,NULL,NULL,NULL,NULL,NULL,NULL,NULL,NULL,NULL,NULL,NULL,NULL,NULL,NULL,NULL,NULL,NULL,NULL,NULL,NULL,NULL,NULL,NULL,NULL,NULL,NULL,NULL,NULL,NULL,NULL,NULL,NULL,NULL,NULL,NULL,207.2189,98.471,144.5707,138.3474,109.7016,149.2719,151.6795,121.2392,112.3663,114.6362,83.9112,87.6858,55.1331,56.4724,53.1836,48.1224,38.3113,27.931,NULL,NULL,NULL,NULL,NULL,NULL,NULL
2670,Rissa_tridactyla,"{Lorentsen, 2009 #2275}",Aves,Charadriiformes,Laridae,Rissa,tridactyla,,"(Linnaeus, 1758)",Black-legged kittiwake,"Hornøy, Vardø, Finnmark",Norway,Norway,Europe,70.38333,31.15,1,Marine,NULL,NULL,NULL,NULL,Arctic,Arctic Ocean,Unknown,Index ,Relative number,NULL,NULL,NULL,NULL,NULL,NULL,NULL,NULL,NULL,NULL,NULL,NULL,NULL,NULL,NULL,NULL,NULL,NULL,NULL,NULL,NULL,NULL,NULL,NULL,NULL,NULL,NULL,NULL,NULL,NULL,127.7106,122.213,117.4209,145.732,NULL,108.8275,NULL,118.3641,117.4209,124.682,109.7016,111.9177,106.2466,104.9792,96.9079,102.4897,102.4897,111.026,113.2689,122.7029,107.1,83.5762,93.4812,80.2991,73.5346,67.0712,50.4887,47.5484,44.9588,NULL,NULL,NULL,NULL,NULL,NULL,NULL
2671,Rissa_tridactyla,"{Barrett, 2001 #1034}",Aves,Charadriiformes,Laridae,Rissa,tridactyla,,"(Linnaeus, 1758)",Black-legged kittiwake,"Sør-Varanger, Sør-Varanger, Finnmark",Norway,Norway,Europe,69.50417,29.72694,1,Marine,NULL,NULL,NULL,NULL,Arctic,Arctic Ocean,Unknown,Number of hatching couples,Unknown,NULL,NULL,NULL,NULL,NULL,NULL,NULL,NULL,NULL,NULL,NULL,NULL,NULL,NULL,NULL,NULL,NULL,NULL,NULL,NULL,NULL,NULL,NULL,NULL,NULL,NULL,NULL,NULL,NULL,NULL,NULL,NULL,NULL,NULL,NULL,NULL,NULL,NULL,NULL,15659,15238.6,14829.5,14431.4,14044,13667,13300.1,12943,12431.7,11940.7,11469,9919.8,8579.9,7421,NULL,NULL,NULL,NULL,NULL,NULL,NULL,NULL,NULL,NULL,NULL,NULL,NULL
2700,Uria_aalge,"{Lorentsen, 2004 #1308}",Aves,Charadriiformes,Alcidae,Uria,aalge,,"(Pontoppidan, 1763)",Common murre / Common guillemot,"Syltefjordstauran, Båtsfjord, Finnmark",Norway,Norway,Europe,70.68389,23.06333,1,Marine,NULL,NULL,NULL,NULL,Arctic,Arctic Ocean,Unknown,Index ,Relative number,NULL,NULL,NULL,NULL,NULL,NULL,NULL,NULL,NULL,NULL,NULL,NULL,NULL,NULL,NULL,NULL,NULL,NULL,NULL,NULL,NULL,NULL,NULL,NULL,NULL,NULL,NULL,NULL,NULL,NULL,NULL,NULL,NULL,NULL,NULL,100,86.35,16.8,20.47,23.64,NULL,NULL,NULL,NULL,NULL,NULL,NULL,NULL,NULL,NULL,NULL,NULL,NULL,NULL,NULL,NULL,NULL,NULL,NULL,NULL,NULL,NULL,NULL,NULL,NULL,NULL
2703,Uria_aalge,"{Lorentsen, 2009 #2275}",Aves,Charadriiformes,Alcidae,Uria,aalge,NULL,"(Pontoppidan, 1763)",Common murre / Common guillemot,"Hjelmsøy, Måsøy, Finnmark",Norway,Norway,Europe,70.91667,24.68333,0,Marine,NULL,NULL,NULL,NULL,Arctic,Arctic Ocean,Unknown,Index ,Population in % of mean,NULL,NULL,NULL,NULL,NULL,NULL,NULL,NULL,NULL,NULL,NULL,NULL,NULL,NULL,NULL,NULL,NULL,NULL,NULL,NULL,NULL,NULL,NULL,NULL,NULL,NULL,NULL,NULL,NULL,NULL,NULL,NULL,NULL,NULL,1005.7406,517.7387,240.4293,53.0499,53.0499,79.1962,65.9405,60.8624,49.5282,50.6754,19.8195,12.8279,42.6793,33.9451,38.5007,30.6217,33.5587,21.4732,24.3551,17.2755,13.2762,13.1251,14.8866,20.9872,6.9927,NULL,NULL,NULL,NULL,NULL,NULL,NULL
2704,Uria_aalge,"{Lorentsen, 2009 #2275}",Aves,Charadriiformes,Alcidae,Uria,aalge,NULL,"(Pontoppidan, 1763)",Common murre / Common guillemot,"Hornnøy, Vardø, Finnmark",Norway,Norway,Europe,70.38333,31.15,1,Marine,NULL,NULL,NULL,NULL,Arctic,Arctic Ocean,Unknown,Index ,Population in % of mean,NULL,NULL,NULL,NULL,NULL,NULL,NULL,NULL,NULL,NULL,NULL,NULL,NULL,NULL,NULL,NULL,NULL,NULL,NULL,NULL,NULL,NULL,NULL,NULL,NULL,NULL,NULL,NULL,NULL,NULL,180.5875,189.0495,200.1869,204.8234,NULL,204.8234,NULL,31.3309,29.251,28.9181,32.0566,33.1767,37.2009,38.9441,41.7132,52.4461,65.19,74.7902,77.4035,85.8042,92.9635,101.8798,115.5527,126.6357,146.9575,166.6801,161.0526,157.4069,174.4905,NULL,NULL,NULL,NULL,NULL,NULL,NULL
4320,Monodon_monoceros,"{COSEWIC, 2004 #721}",Mammalia,Cetacea,Monodontidae,Monodon,monoceros,NULL,"Linnaeus, 1758",Narwhal,"Hudson Bay, Canada",Canada,Canada,North America,60,-88,0,Marine,NULL,NULL,NULL,NULL,Arctic,Arctic Ocean,Polar seas,Individuals,Aerial survey - population estimate,NULL,NULL,NULL,NULL,NULL,NULL,NULL,NULL,NULL,NULL,NULL,NULL,NULL,NULL,NULL,NULL,NULL,NULL,NULL,NULL,NULL,NULL,NULL,NULL,NULL,NULL,NULL,NULL,NULL,NULL,NULL,NULL,NULL,NULL,1355,NULL,NULL,NULL,NULL,NULL,NULL,NULL,NULL,NULL,NULL,NULL,NULL,NULL,NULL,NULL,1780,NULL,NULL,NULL,NULL,NULL,NULL,NULL,NULL,NULL,NULL,NULL,NULL,NULL,NULL,NULL
4545,Pusa_hispida,"{Stirling, 2002 #848}",Mammalia,Carnivora,Phocidae,Pusa,hispida,,"(Schreber, 1775)",Ringed seal,eastern Beaufort Sea,Canada,"Canada, United States",North America,75,-141,0,Marine,NULL,NULL,NULL,NULL,Arctic,Arctic Ocean,Unknown,Seals per 100km²,Unspecified,NULL,NULL,NULL,NULL,NULL,NULL,NULL,NULL,NULL,NULL,NULL,NULL,NULL,NULL,NULL,NULL,NULL,NULL,NULL,NULL,NULL,NULL,NULL,NULL,NULL,NULL,NULL,NULL,NULL,NULL,NULL,NULL,42,NULL,15,8,20,NULL,NULL,NULL,NULL,NULL,NULL,NULL,NULL,NULL,NULL,NULL,NULL,NULL,NULL,NULL,NULL,NULL,NULL,NULL,NULL,NULL,NULL,NULL,NULL,NULL,NULL,NULL,NULL,NULL
4633,Ursus_maritimus,"{Derocher, 1997 #924}",Mammalia,Carnivora,Ursidae,Ursus,maritimus,,"Phipps, 1774",Polar bear,Wrangel Island State Nature Reserve,Russian Federation,Russian Federation,Asia,71.18861,-179.715,1,Marine,NULL,NULL,NULL,NULL,Arctic,Arctic Ocean,Unknown,No of Polar bear dens/100km,aerial and ground transect surveys,NULL,NULL,NULL,NULL,NULL,NULL,NULL,NULL,NULL,NULL,NULL,NULL,NULL,NULL,NULL,NULL,NULL,NULL,NULL,NULL,NULL,NULL,NULL,NULL,NULL,NULL,NULL,NULL,NULL,NULL,NULL,NULL,4.1,9.9,6.5,5.1,2.9,3.4,2.9,2.2,4.9,4.4,5.1,NULL,3.3,NULL,NULL,NULL,NULL,NULL,NULL,NULL,NULL,NULL,NULL,NULL,NULL,NULL,NULL,NULL,NULL,NULL,NULL,NULL,NULL,NULL
6090,Mallotus_villosus,"{Bowen, 1985 #1622} sourced from {NERC Centre for Population Biology, 1999 #524}",Actinopterygii,Osmeriformes,Osmeridae,Mallotus,villosus,,"(Müller, 1776)",Capelin,NAFO 0 to 4,Canada,Canada,North America,60,-70,0,Marine,NULL,NULL,NULL,NULL,Arctic,Arctic Ocean,Unknown,Tonnes (x10^3),Unknown,NULL,NULL,NULL,NULL,NULL,15,15,10,10,5,5,5,5,5,5,5,5,5,5,5,5,10,75,175,185,360,355,225,85,30,25,NULL,NULL,NULL,NULL,NULL,NULL,NULL,NULL,NULL,NULL,NULL,NULL,NULL,NULL,NULL,NULL,NULL,NULL,NULL,NULL,NULL,NULL,NULL,NULL,NULL,NULL,NULL,NULL,NULL,NULL,NULL,NULL,NULL,NULL,NULL
7999,Gasterosteus_aculeatus,"{Ivanova, 2008 #1790}",Actinopterygii,Gasterosteiformes,Gasterosteidae,Gasterosteus,aculeatus,NULL,"Linnaeus, 1758",Three spined stickleback,"Gorelyi Island, Kandalaksha Bay, White Sea, Russia",Russian Federation,Russian Federation,Asia,66.70861,33.27722,1,Marine,NULL,NULL,NULL,NULL,Arctic,Arctic Ocean,Unknown,Individuals per metre squared,"unknown (text in Russian, but presumably some type of fishing method/ capture and release method)",NULL,NULL,NULL,NULL,NULL,NULL,NULL,NULL,NULL,NULL,NULL,NULL,NULL,NULL,NULL,NULL,NULL,NULL,NULL,NULL,NULL,NULL,NULL,NULL,NULL,NULL,NULL,NULL,NULL,NULL,NULL,NULL,NULL,NULL,NULL,NULL,NULL,NULL,NULL,NULL,NULL,NULL,NULL,NULL,NULL,NULL,NULL,NULL,NULL,NULL,NULL,NULL,NULL,NULL,NULL,NULL,0.8,5.7,12.3,NULL,NULL,NULL,NULL,NULL,NULL,NULL
8010,Gasterosteus_aculeatus,"{Ivanova, 2008 #1790}",Actinopterygii,Gasterosteiformes,Gasterosteidae,Gasterosteus,aculeatus,NULL,"Linnaeus, 1758",Three spined stickleback,"Seldianaya Inlet, Kandalaksha Bay, White Sea, Russia",Russian Federation,Russian Federation,Asia,66.70861,33.27722,1,Marine,NULL,NULL,NULL,NULL,Arctic,Arctic Ocean,Unknown,Individuals per metre squared,"unknown (text in Russian, but presumably some type of fishing method/ capture and release method)",NULL,NULL,NULL,NULL,NULL,NULL,NULL,NULL,NULL,NULL,NULL,NULL,NULL,NULL,NULL,NULL,NULL,NULL,NULL,NULL,NULL,NULL,NULL,NULL,NULL,NULL,NULL,NULL,NULL,NULL,NULL,NULL,NULL,NULL,NULL,NULL,NULL,NULL,NULL,NULL,NULL,NULL,NULL,NULL,NULL,NULL,NULL,NULL,NULL,NULL,NULL,NULL,NULL,NULL,NULL,NULL,NULL,11,17.8,NULL,NULL,NULL,NULL,NULL,NULL,NULL
8011,Rissa_tridactyla,"{Krasnov, 2007 #1791}",Aves,Charadriiformes,Laridae,Rissa,tridactyla,,"(Linnaeus, 1758)",Black-legged kittiwake,"Kharlov, Murman coast, North-West Russia",Russian Federation,Russian Federation,Asia,68.81361,37.33639,1,Marine,NULL,NULL,NULL,NULL,Arctic,Arctic Ocean,Unknown,Number of breeding pairs,Count of occupied nests,NULL,NULL,NULL,NULL,NULL,NULL,NULL,NULL,5000,3000,4000,8000,2000,4000,4000,6000,10500,11500,8500,12000,18000,16000,17000,18000,21000,23000,24000,12000,13500,17000,18000,20000,21000,20000,24500,20000,29000,25000,21000,19000,21000,21000,20000,18500,20000,26000,19000,16000,22000,23000,NULL,NULL,NULL,NULL,NULL,NULL,NULL,NULL,NULL,NULL,NULL,NULL,NULL,NULL,NULL,NULL
8028,Pluvialis_squatarola,"{Kondratiev, 2008 #1792}",Aves,Charadriiformes,Charadriidae,Pluvialis,squatarola,,"(Linnaeus, 1758)",Grey plover / Black-bellied plover,"Kolguev Island, Russia",Russian Federation,Russian Federation,Asia,69.08333,49.25,1,Marine,NULL,NULL,NULL,NULL,Arctic,Arctic Ocean,Unknown,Number of pairs/sq. km,unknown,NULL,NULL,NULL,NULL,NULL,NULL,NULL,NULL,NULL,NULL,NULL,NULL,NULL,NULL,NULL,NULL,NULL,NULL,NULL,NULL,NULL,NULL,NULL,NULL,NULL,NULL,NULL,NULL,NULL,NULL,NULL,NULL,NULL,NULL,NULL,NULL,NULL,NULL,NULL,NULL,NULL,NULL,NULL,NULL,NULL,4.6,NULL,NULL,NULL,NULL,NULL,NULL,NULL,NULL,NULL,NULL,NULL,NULL,1.5,NULL,NULL,NULL,NULL,NULL,NULL,NULL
8031,Larus_hyperboreus,"{Kondratiev, 2008 #1792}",Aves,Charadriiformes,Laridae,Larus,hyperboreus,,"Gunnerus, 1767",Glaucous gull,"Kolguev Island, Russia",Russian Federation,Russian Federation,Asia,69.08333,49.25,1,Marine,NULL,NULL,NULL,NULL,Arctic,Arctic Ocean,Unknown,Number of (breeding) pairs,unknown,NULL,NULL,NULL,NULL,NULL,NULL,NULL,NULL,NULL,NULL,NULL,NULL,NULL,NULL,NULL,NULL,NULL,NULL,NULL,NULL,NULL,NULL,NULL,NULL,NULL,NULL,NULL,NULL,NULL,NULL,NULL,NULL,NULL,NULL,NULL,NULL,NULL,NULL,NULL,NULL,NULL,NULL,NULL,NULL,NULL,250,NULL,NULL,NULL,NULL,NULL,NULL,NULL,NULL,NULL,NULL,NULL,NULL,350,NULL,NULL,NULL,NULL,NULL,NULL,NULL
8074,Sebastes_mentella,"{Stiansen, 2008 #1800} updated with {Arneberg, 2013 #3589}",Actinopterygii,Scorpaeniformes,Sebastidae,Sebastes,mentella,,"Travin, 1951",Deepwater redfish,Norwegian Barents Sea and Svalbard,Norway,Norway,Europe,74,36,0,Marine,NULL,NULL,NULL,NULL,Arctic,Arctic Ocean,Unknown,Abundance index (millions),Bottom trawl survey,NULL,NULL,NULL,NULL,NULL,NULL,NULL,NULL,NULL,NULL,NULL,NULL,NULL,NULL,NULL,NULL,NULL,NULL,NULL,NULL,NULL,NULL,NULL,NULL,NULL,NULL,NULL,NULL,NULL,NULL,NULL,NULL,NULL,NULL,NULL,NULL,1293.18,652.67,1292.57,1854.82,2125.29,4928.56,1833.33,1840.61,2144.17,2629.69,1718.45,1076.87,865.98,1047.86,790.25,636.15,733.53,782.42,359.77,532.29,800.98,1205.21,1829.57,1207.39,1767.97,1724.85,NULL,NULL,NULL,NULL
8076,Ursus_maritimus,"{Aars, 2005 #1802}",Mammalia,Carnivora,Ursidae,Ursus,maritimus,,"Phipps, 1774",Polar bear,Western Hudson Bay population,Canada,Canada,North America,63.16667,-88.5,0,Marine,NULL,NULL,NULL,NULL,Arctic,Arctic Ocean,Unknown,Population size,Capture-recapture data modelled,NULL,NULL,NULL,NULL,NULL,NULL,NULL,NULL,NULL,NULL,NULL,NULL,NULL,NULL,NULL,NULL,NULL,NULL,NULL,NULL,NULL,NULL,NULL,NULL,NULL,NULL,NULL,NULL,NULL,NULL,NULL,NULL,NULL,NULL,NULL,NULL,NULL,1215,1188,1294,1068,1037,970,1233,1028,1237,1039,1056,971,1143,876,1144,968,967,872,NULL,NULL,NULL,NULL,NULL,NULL,NULL,NULL,NULL,NULL,NULL
8081,Ursus_maritimus,"{Obbard, 2007 #1804}",Mammalia,Carnivora,Ursidae,Ursus,maritimus,NULL,"Phipps, 1774",Polar bear,Southern Hudson bay population,Canada,Canada,North America,56.42278,-83.6375,0,Marine,NULL,NULL,NULL,NULL,Arctic,Arctic Ocean,Unknown,Number of bears,Estimates during intensive capture years,NULL,NULL,NULL,NULL,NULL,NULL,NULL,NULL,NULL,NULL,NULL,NULL,NULL,NULL,NULL,NULL,NULL,NULL,NULL,NULL,NULL,NULL,NULL,NULL,NULL,NULL,NULL,NULL,NULL,NULL,NULL,NULL,NULL,NULL,NULL,580,710,NULL,NULL,NULL,NULL,NULL,NULL,NULL,NULL,NULL,NULL,NULL,NULL,NULL,NULL,NULL,NULL,680,695,675,NULL,NULL,NULL,NULL,NULL,NULL,NULL,NULL,NULL,NULL
8084,Ursus_maritimus,"{Stirling, 2007 #1806}",Mammalia,Carnivora,Ursidae,Ursus,maritimus,,"Phipps, 1774",Polar bear,Northern beaufort sea population,Canada,Canada,North America,75.37972,-125.73556,0,Marine,NULL,NULL,NULL,NULL,Arctic,Arctic Ocean,Unknown,Population estimate,Modelled estimated during intensive capture years,NULL,NULL,NULL,NULL,NULL,NULL,NULL,NULL,NULL,NULL,NULL,NULL,NULL,NULL,NULL,NULL,NULL,NULL,NULL,NULL,NULL,NULL,354.81,714.96,691.45,1220.17,1220.08,1001.07,901.17,1391.03,NULL,NULL,NULL,NULL,NULL,860.77,836.88,902.98,NULL,366.82,NULL,255.55,184.03,425.11,257.5,NULL,NULL,NULL,NULL,NULL,786.76,NULL,NULL,1302.53,1093.06,1229.84,NULL,NULL,NULL,NULL,NULL,NULL,NULL,NULL,NULL,NULL
8095,Clangula_hyemalis,"{Meltofte, 2007 #1807}",Aves,Anseriformes,Anatidae,Clangula,hyemalis,,"(Linnaeus, 1758)",Long-tailed duck,"The Karupelv Valley Project, Traill O, Kong Oscars Fjord, North-East Greenland",Greenland,Greenland,Europe,72.5,-24.01667,1,Marine,NULL,NULL,NULL,NULL,Arctic,Arctic Ocean,Unknown,Number of breeding pairs,Survey,NULL,NULL,NULL,NULL,NULL,NULL,NULL,NULL,NULL,NULL,NULL,NULL,NULL,NULL,NULL,NULL,NULL,NULL,NULL,NULL,NULL,NULL,NULL,NULL,NULL,NULL,NULL,NULL,NULL,NULL,NULL,NULL,NULL,NULL,NULL,NULL,NULL,NULL,0,0,0,0,0,0,1,1,1,1,2,1,1,1,1,0,1,0,0,1,NULL,NULL,NULL,NULL,NULL,NULL,NULL,NULL
8101,Stercorarius_longicaudus,"{Meltofte, 2007 #1807}",Aves,Charadriiformes,Stercorariidae,Stercorarius,longicaudus,NULL,"Vieillot, 1819",Long-tailed jaeger / Long-tailed skua,"The Karupelv Valley Project, Traill O, Kong Oscars Fjord, North-East Greenland",Greenland,Greenland,Europe,72.5,-24.01667,1,Marine,NULL,NULL,NULL,NULL,Arctic,Arctic Ocean,Unknown,Number of breeding pairs,Survey,NULL,NULL,NULL,NULL,NULL,NULL,NULL,NULL,NULL,NULL,NULL,NULL,NULL,NULL,NULL,NULL,NULL,NULL,NULL,NULL,NULL,NULL,NULL,NULL,NULL,NULL,NULL,NULL,NULL,NULL,NULL,NULL,NULL,NULL,NULL,NULL,NULL,NULL,0,8,13,0,0,0,13,3,5,4,14,5,0,2,0,0,11,5,6,0,NULL,NULL,NULL,NULL,NULL,NULL,NULL,NULL
8111,Pagophila_eburnea,"{CAFF, 2008 #1809}",Aves,Charadriiformes,Laridae,Pagophila,eburnea,,"(Phipps, 1774)",Ivory gull,"Various in Canada, Greenland, Russia, Norway (midpoint latitude below)",Russian Federation,"Russian Federation, Greenland, Norway, Canada",Asia,78,-24,0,Marine,NULL,NULL,NULL,NULL,Arctic,Arctic Ocean,Unknown,Pairs of birds,unknown,NULL,NULL,NULL,NULL,NULL,NULL,NULL,NULL,NULL,NULL,NULL,NULL,NULL,NULL,NULL,NULL,NULL,NULL,NULL,NULL,NULL,NULL,NULL,NULL,NULL,NULL,NULL,NULL,NULL,NULL,NULL,NULL,NULL,NULL,NULL,NULL,NULL,NULL,NULL,NULL,NULL,NULL,NULL,NULL,NULL,NULL,14000,NULL,NULL,NULL,NULL,NULL,NULL,NULL,NULL,NULL,NULL,NULL,9750,NULL,NULL,NULL,NULL,NULL,NULL,NULL
8124,Polysticta_stelleri,"{Ebbinge, 2006 #1810}",Aves,Anseriformes,Anatidae,Polysticta,stelleri,NULL,"(Pallas, 1769)",Steller's eider,Taimyr Peninsula,Russian Federation,Russian Federation,Asia,74.16667,97.75,0,Marine,NULL,NULL,NULL,NULL,Arctic,Arctic Ocean,Unknown,Number of nests,unknown (presumably regular surveys carried out on the study site),NULL,NULL,NULL,NULL,NULL,NULL,NULL,NULL,NULL,NULL,NULL,NULL,NULL,NULL,NULL,NULL,NULL,NULL,NULL,NULL,NULL,NULL,NULL,NULL,NULL,NULL,NULL,NULL,NULL,NULL,NULL,NULL,NULL,NULL,NULL,NULL,NULL,NULL,NULL,NULL,NULL,NULL,NULL,1,5,0,NULL,NULL,NULL,NULL,NULL,NULL,NULL,NULL,0,5,NULL,NULL,NULL,NULL,NULL,NULL,NULL,NULL,NULL,NULL
8129,Fratercula_arctica,"{Anker-Nilssen, 2000 #1811}",Aves,Charadriiformes,Alcidae,Fratercula,arctica,,"(Linnaeus, 1758)",Atlantic puffin,Gavriloski island,Russian Federation,Russian Federation,Asia,69.17111,35.91667,1,Marine,NULL,NULL,NULL,NULL,Arctic,Arctic Ocean,Unknown,no. birds-% change from 1st count.,census,NULL,NULL,NULL,NULL,NULL,NULL,NULL,NULL,NULL,NULL,100,NULL,NULL,NULL,NULL,NULL,NULL,NULL,NULL,NULL,128.8,NULL,NULL,NULL,NULL,NULL,NULL,NULL,NULL,NULL,NULL,NULL,NULL,NULL,NULL,NULL,1376.1,1299.5,1213.2,1145.7,1107,1186.2,1300.6,1425.9,1286.1,1442.9,NULL,NULL,NULL,NULL,NULL,NULL,NULL,NULL,NULL,NULL,NULL,NULL,NULL,NULL,NULL,NULL,NULL,NULL,NULL,NULL
8130,Fratercula_arctica,"{Anker-Nilssen, 2000 #1811}",Aves,Charadriiformes,Alcidae,Fratercula,arctica,,"(Linnaeus, 1758)",Atlantic puffin,Seven islands,Russian Federation,Russian Federation,Asia,68.75,37.5,1,Marine,NULL,NULL,NULL,NULL,Arctic,Arctic Ocean,Unknown,no. birds-% change from 1st count.,census,NULL,NULL,NULL,NULL,NULL,NULL,NULL,NULL,NULL,NULL,271.4,315.1,NULL,NULL,NULL,NULL,NULL,NULL,239.5,NULL,NULL,NULL,NULL,NULL,NULL,NULL,NULL,NULL,NULL,NULL,NULL,NULL,NULL,NULL,NULL,NULL,NULL,NULL,NULL,NULL,NULL,337.3,417.2,462.7,417.4,419.8,NULL,NULL,NULL,NULL,NULL,NULL,NULL,NULL,NULL,NULL,NULL,NULL,NULL,NULL,NULL,NULL,NULL,NULL,NULL,NULL
8144,Stercorarius_pomarinus,"{Ebbinge, 2006 #1810}",Aves,Charadriiformes,Stercorariidae,Stercorarius,pomarinus,NULL,"(Temminck, 1815)",Pomarine skua / Pomarine jaeger,Taimyr Peninsula,Russian Federation,Russian Federation,Asia,74.16667,97.75,0,Marine,NULL,NULL,NULL,NULL,Arctic,Arctic Ocean,Unknown,Number of nests,unknown (presumably regular surveys carried out on the study site),NULL,NULL,NULL,NULL,NULL,NULL,NULL,NULL,NULL,NULL,NULL,NULL,NULL,NULL,NULL,NULL,NULL,NULL,NULL,NULL,NULL,NULL,NULL,NULL,NULL,NULL,NULL,NULL,NULL,NULL,NULL,NULL,NULL,NULL,NULL,NULL,NULL,NULL,NULL,NULL,NULL,NULL,NULL,0,17,0,NULL,NULL,NULL,NULL,NULL,NULL,NULL,NULL,0,31,NULL,NULL,NULL,NULL,NULL,NULL,NULL,NULL,NULL,NULL
8167,Cepphus_grylle,"{Divoky, 2003 #1818}",Aves,Charadriiformes,Alcidae,Cepphus,grylle,NULL,"(Linnaeus, 1758)",Black guillemot,"Cooper Island, Alaska",United States,United States,North America,71.23778,-155.67972,1,Marine,NULL,NULL,NULL,NULL,Arctic,Arctic Ocean,Unknown,Breeding pairs,Monitoring/survey,NULL,NULL,NULL,NULL,NULL,NULL,NULL,NULL,NULL,NULL,NULL,NULL,NULL,NULL,NULL,NULL,NULL,NULL,NULL,NULL,NULL,NULL,NULL,NULL,NULL,18,21,29,35,49,75,110,175,185,200,205,205,209,209,209,200,185,180,175,150,150,135,120,115,115,120,116,145,NULL,NULL,NULL,NULL,NULL,NULL,NULL,NULL,NULL,NULL,NULL,NULL,NULL
8168,Calidris_pygmaea,"{Zockler, 2009 #1821} updated with {Zockler, 2010 #3086}",Aves,Charadriiformes,Scolopacidae,Calidris,pygmaea,,"(Linnaeus, 1758)",Spoon-billed sandpiper,"Belyaka Spit & Yuzhny Island, Chukotka",Russian Federation,Russian Federation,Asia,67.06667,-174.61667,1,Marine,NULL,NULL,NULL,NULL,Arctic,Arctic Ocean,Unknown,Breeding pairs,Count survey,NULL,NULL,NULL,NULL,NULL,NULL,NULL,NULL,NULL,NULL,NULL,NULL,NULL,NULL,NULL,NULL,NULL,NULL,NULL,NULL,NULL,NULL,NULL,NULL,95,NULL,NULL,NULL,NULL,NULL,NULL,NULL,NULL,NULL,NULL,NULL,NULL,48,NULL,NULL,NULL,NULL,NULL,NULL,NULL,NULL,NULL,NULL,NULL,NULL,NULL,NULL,18,NULL,NULL,NULL,NULL,8,NULL,0,NULL,NULL,NULL,NULL,NULL,NULL
8192,Somateria_mollissima,"{Merkel, 2004 #1825}",Aves,Anseriformes,Anatidae,Somateria,mollissima,borealis,"(Linnaeus, 1758)",Common eider,15 colonies in Ilulissat and Upernavik,Greenland,Greenland,Europe,72,-54,0,Marine,NULL,NULL,NULL,NULL,Arctic,Arctic Ocean,Unknown,Number of nests,Nest count surveys,NULL,NULL,NULL,NULL,NULL,NULL,NULL,NULL,NULL,NULL,NULL,NULL,NULL,3361,NULL,NULL,NULL,NULL,NULL,NULL,NULL,NULL,NULL,NULL,NULL,NULL,NULL,NULL,NULL,NULL,NULL,NULL,NULL,NULL,NULL,NULL,NULL,NULL,NULL,NULL,NULL,NULL,NULL,NULL,NULL,NULL,NULL,NULL,NULL,NULL,624,NULL,NULL,NULL,NULL,NULL,NULL,NULL,NULL,NULL,NULL,NULL,NULL,NULL,NULL,NULL
8201,Larus_smithsonianus,"{Kharitonov, 2007 #1824}",Aves,Charadriiformes,Laridae,Larus,smithsonianus,taimyrensis,"Coues, 1862",Arctic herring gull,"Agapa River Valley, Taimyr",Russian Federation,Russian Federation,Asia,76.01667,104.01667,0,Marine,NULL,NULL,NULL,NULL,Arctic,Arctic Ocean,Unknown,Number of pairs,unknown (presumably regular annual surveys),NULL,NULL,NULL,NULL,NULL,NULL,NULL,NULL,NULL,NULL,NULL,NULL,NULL,NULL,NULL,NULL,NULL,NULL,NULL,NULL,NULL,NULL,NULL,NULL,NULL,NULL,NULL,NULL,NULL,NULL,NULL,NULL,NULL,NULL,NULL,NULL,NULL,NULL,NULL,NULL,NULL,NULL,NULL,NULL,NULL,NULL,NULL,NULL,NULL,NULL,NULL,NULL,NULL,NULL,40,NULL,NULL,36,NULL,NULL,NULL,NULL,NULL,NULL,NULL,NULL
8219,Stercorarius_longicaudus,"{Cadieux, 2008 #1829}",Aves,Charadriiformes,Stercorariidae,Stercorarius,longicaudus,NULL,"Vieillot, 1819",Long-tailed jaeger / Long-tailed skua,"Southern Plain, Sirmilik National Park, Bylot Island, (Qarlikturvik Valley /main goose nesting colony)",Canada,Canada,North America,73,-80,1,Marine,NULL,NULL,NULL,NULL,Arctic,Arctic Ocean,Unknown,Number of nests,Survey area for nests,NULL,NULL,NULL,NULL,NULL,NULL,NULL,NULL,NULL,NULL,NULL,NULL,NULL,NULL,NULL,NULL,NULL,NULL,NULL,NULL,NULL,NULL,NULL,NULL,NULL,NULL,NULL,NULL,NULL,NULL,NULL,NULL,NULL,NULL,NULL,NULL,NULL,NULL,NULL,NULL,NULL,NULL,NULL,NULL,NULL,NULL,NULL,6,3,0,9,9,0,0,23,18,7,30,NULL,NULL,NULL,NULL,NULL,NULL,NULL,NULL
8225,Clangula_hyemalis,"{Cadieux, 2008 #1829}",Aves,Anseriformes,Anatidae,Clangula,hyemalis,,"(Linnaeus, 1758)",Long-tailed duck,"Southern Plain, Sirmilik National Park, Bylot Island, (Qarlikturvik Valley/main goose nesting colony)",Canada,Canada,North America,73,-80,1,Marine,NULL,NULL,NULL,NULL,Arctic,Arctic Ocean,Unknown,Number of nests,Survey area for nests,NULL,NULL,NULL,NULL,NULL,NULL,NULL,NULL,NULL,NULL,NULL,NULL,NULL,NULL,NULL,NULL,NULL,NULL,NULL,NULL,NULL,NULL,NULL,NULL,NULL,NULL,NULL,NULL,NULL,NULL,NULL,NULL,NULL,NULL,NULL,NULL,NULL,NULL,NULL,NULL,NULL,NULL,NULL,NULL,NULL,NULL,NULL,NULL,1,NULL,5,1,NULL,NULL,2,4,4,3,NULL,NULL,NULL,NULL,NULL,NULL,NULL,NULL
8236,Somateria_mollissima,"{Hansen, 2009 #1831}",Aves,Anseriformes,Anatidae,Somateria,mollissima,NULL,"(Linnaeus, 1758)",Common eider,"Zackerbergdalen, Northeast Greenland",Greenland,Greenland,Europe,74.08333,-21,0,Marine,NULL,NULL,NULL,NULL,Arctic,Arctic Ocean,Unknown,Number of breeding pairs,Census,NULL,NULL,NULL,NULL,NULL,NULL,NULL,NULL,NULL,NULL,NULL,NULL,NULL,NULL,NULL,NULL,NULL,NULL,NULL,NULL,NULL,NULL,NULL,NULL,NULL,NULL,NULL,NULL,NULL,NULL,NULL,NULL,NULL,NULL,NULL,NULL,NULL,NULL,NULL,NULL,NULL,NULL,NULL,NULL,NULL,NULL,1.5,0,0,0,1,1,0,0,1,0,0,0,0,NULL,NULL,NULL,NULL,NULL,NULL,NULL
8238,Clangula_hyemalis,"{Hansen, 2009 #1831}",Aves,Anseriformes,Anatidae,Clangula,hyemalis,NULL,"(Linnaeus, 1758)",Long-tailed duck,"Zackerbergdalen, Northeast Greenland",Greenland,Greenland,Europe,74.08333,-21,0,Marine,NULL,NULL,NULL,NULL,Arctic,Arctic Ocean,Unknown,Number of breeding pairs,Census,NULL,NULL,NULL,NULL,NULL,NULL,NULL,NULL,NULL,NULL,NULL,NULL,NULL,NULL,NULL,NULL,NULL,NULL,NULL,NULL,NULL,NULL,NULL,NULL,NULL,NULL,NULL,NULL,NULL,NULL,NULL,NULL,NULL,NULL,NULL,NULL,NULL,NULL,NULL,NULL,NULL,NULL,NULL,NULL,NULL,NULL,5,5,6.5,7.5,6,6,6.5,8,6,6,5.5,5.5,7.5,NULL,NULL,NULL,NULL,NULL,NULL,NULL
8244,Phalaropus_lobatus,"{Hansen, 2009 #1831}",Aves,Charadriiformes,Scolopacidae,Phalaropus,lobatus,NULL,"(Linnaeus, 1758)",Red-necked phalarope,"Zackerbergdalen, Northeast Greenland",Greenland,Greenland,Europe,74.08333,-21,0,Marine,NULL,NULL,NULL,NULL,Arctic,Arctic Ocean,Unknown,Number of breeding pairs,Census,NULL,NULL,NULL,NULL,NULL,NULL,NULL,NULL,NULL,NULL,NULL,NULL,NULL,NULL,NULL,NULL,NULL,NULL,NULL,NULL,NULL,NULL,NULL,NULL,NULL,NULL,NULL,NULL,NULL,NULL,NULL,NULL,NULL,NULL,NULL,NULL,NULL,NULL,NULL,NULL,NULL,NULL,NULL,NULL,NULL,NULL,0.5,1,1.5,1.5,1.5,2,1.5,1.5,1,1,2,0.5,1.5,NULL,NULL,NULL,NULL,NULL,NULL,NULL
8245,Phalaropus_fulicarius,"{Hansen, 2009 #1831}",Aves,Charadriiformes,Scolopacidae,Phalaropus,fulicarius,NULL,"(Linnaeus, 1758)",Red phalarope / Grey phalarope,"Zackerbergdalen, Northeast Greenland",Greenland,Greenland,Europe,74.08333,-21,0,Marine,NULL,NULL,NULL,NULL,Arctic,Arctic Ocean,Unknown,Number of breeding pairs,Census,NULL,NULL,NULL,NULL,NULL,NULL,NULL,NULL,NULL,NULL,NULL,NULL,NULL,NULL,NULL,NULL,NULL,NULL,NULL,NULL,NULL,NULL,NULL,NULL,NULL,NULL,NULL,NULL,NULL,NULL,NULL,NULL,NULL,NULL,NULL,NULL,NULL,NULL,NULL,NULL,NULL,NULL,NULL,NULL,NULL,NULL,0,0,0.5,0,0,1,0,0,0,1,6,0,1,NULL,NULL,NULL,NULL,NULL,NULL,NULL
8345,Sterna_paradisaea,"{Egevang, 2006 #1858}",Aves,Charadriiformes,Laridae,Sterna,paradisaea,NULL,"Pontoppidan, 1763",Arctic tern,The 4 islands of Gronne Ejland,Greenland,Greenland,Europe,68.86667,-53.1,1,Marine,NULL,NULL,NULL,NULL,Arctic,Arctic Ocean,Unknown,Breeding pairs,line transects,NULL,NULL,NULL,NULL,NULL,NULL,NULL,NULL,NULL,NULL,NULL,NULL,NULL,NULL,NULL,NULL,NULL,NULL,NULL,NULL,NULL,NULL,NULL,NULL,NULL,NULL,NULL,NULL,NULL,NULL,25,NULL,NULL,NULL,NULL,NULL,NULL,NULL,NULL,NULL,NULL,NULL,NULL,NULL,NULL,NULL,4.8,NULL,NULL,NULL,NULL,NULL,15.6,20.2,NULL,NULL,NULL,NULL,NULL,NULL,NULL,NULL,NULL,NULL,NULL,NULL
8367,Phalaropus_fulicarius,"{Egevang, 2006 #1858}",Aves,Charadriiformes,Scolopacidae,Phalaropus,fulicarius,,"(Linnaeus, 1758)",Red phalarope / Grey phalarope,The 4 islands of Gronne Ejland,Greenland,Greenland,Europe,68.86667,-53.1,1,Marine,NULL,NULL,NULL,NULL,Arctic,Arctic Ocean,Unknown,pairs,line transects,NULL,NULL,NULL,NULL,NULL,NULL,NULL,NULL,NULL,NULL,NULL,NULL,NULL,NULL,NULL,NULL,NULL,NULL,NULL,NULL,NULL,NULL,NULL,NULL,NULL,NULL,NULL,NULL,NULL,40,11,NULL,NULL,NULL,NULL,NULL,NULL,NULL,NULL,NULL,2,NULL,NULL,NULL,NULL,NULL,15,NULL,NULL,NULL,NULL,NULL,9,9,NULL,NULL,NULL,NULL,NULL,NULL,NULL,NULL,NULL,NULL,NULL,NULL
8406,Rissa_tridactyla,"{Dragoo, 2008 #1857}, Updated with {Dragoo, 2009 #2296}",Aves,Charadriiformes,Laridae,Rissa,tridactyla,,"(Linnaeus, 1758)",Black-legged kittiwake,"Cape Lisburne, Alaska",United States,United States,North America,68.83333,-166.16667,1,Marine,NULL,NULL,NULL,NULL,Arctic,Arctic Ocean,Unknown,Individual birds,Unknown,NULL,NULL,NULL,NULL,NULL,NULL,NULL,NULL,NULL,NULL,NULL,NULL,NULL,NULL,NULL,NULL,NULL,NULL,NULL,NULL,NULL,NULL,NULL,NULL,NULL,NULL,NULL,NULL,NULL,NULL,NULL,NULL,NULL,NULL,NULL,NULL,NULL,65,NULL,NULL,NULL,NULL,52,59,NULL,61,55,65,91,53,68,44,82,85,98,100,89,NULL,NULL,NULL,NULL,NULL,NULL,NULL,NULL,NULL
9483,Coregonus_autumnalis,"{Gallaway, 1983 #2137}",Actinopterygii,Salmoniformes,Salmonidae,Coregonus,autumnalis,NULL,"(Pallas, 1776)",Arctic cisco,Colville river delta,United States,United States,North America,70.40139,-150.66194,0,Marine,NULL,NULL,NULL,NULL,Arctic,Arctic Ocean,Unknown,CPUE,Modelling of catch data,NULL,NULL,NULL,NULL,NULL,NULL,NULL,NULL,NULL,NULL,NULL,NULL,NULL,NULL,NULL,NULL,NULL,28,30,28,42,31,48,70,47,41,32,55,17,16,12,76,NULL,NULL,NULL,NULL,NULL,NULL,NULL,NULL,NULL,NULL,NULL,NULL,NULL,NULL,NULL,NULL,NULL,NULL,NULL,NULL,NULL,NULL,NULL,NULL,NULL,NULL,NULL,NULL,NULL,NULL,NULL,NULL,NULL,NULL
9574,Boreogadus_saida,"{Griffiths, 1998 #2148}",Actinopterygii,Gadiformes,Gadidae,Boreogadus,saida,NULL,"(Lepechin, 1774)",Polar cod / Arctic cod,"Sagavanirktok Delta, Alaska",United States,United States,North America,70.18083,-148.04556,1,Marine,NULL,NULL,NULL,NULL,Arctic,Arctic Ocean,Unknown,Catch per unit effort transformed to log e  (CPUE)+1,Fyke net stations at 4 locations,NULL,NULL,NULL,NULL,NULL,NULL,NULL,NULL,NULL,NULL,NULL,NULL,NULL,NULL,NULL,NULL,NULL,NULL,NULL,NULL,NULL,NULL,NULL,NULL,NULL,NULL,NULL,NULL,NULL,NULL,NULL,NULL,NULL,NULL,NULL,1.875,3.475,NULL,2.575,1.475,1.875,1.35,1.875,3.625,NULL,NULL,NULL,NULL,NULL,NULL,NULL,NULL,NULL,NULL,NULL,NULL,NULL,NULL,NULL,NULL,NULL,NULL,NULL,NULL,NULL,NULL
9576,Liopsetta_glacialis,"{Griffiths, 1998 #2148}",Actinopterygii,Pleuronectiformes,Pleuronectidae,Liopsetta,glacialis,NULL,"(Pallas, 1776)",Arctic flounder,"Sagavanirktok Delta, Alaska",United States,United States,North America,70.18083,-148.04556,1,Marine,NULL,NULL,NULL,NULL,Arctic,Arctic Ocean,Unknown,Catch per unit effort transformed to log e  (CPUE)+1,Fyke net stations at 4 locations,NULL,NULL,NULL,NULL,NULL,NULL,NULL,NULL,NULL,NULL,NULL,NULL,NULL,NULL,NULL,NULL,NULL,NULL,NULL,NULL,NULL,NULL,NULL,NULL,NULL,NULL,NULL,NULL,NULL,NULL,NULL,NULL,NULL,NULL,NULL,0.103,0.45,NULL,0.65,0.825,2.9,2.375,3.075,3.15,NULL,NULL,NULL,NULL,NULL,NULL,NULL,NULL,NULL,NULL,NULL,NULL,NULL,NULL,NULL,NULL,NULL,NULL,NULL,NULL,NULL,NULL
9577,Eleginus_gracilis,"{Griffiths, 1998 #2148}",Actinopterygii,Gadiformes,Gadidae,Eleginus,gracilis,NULL,"(Tilesius, 1810)",Saffron cod,"Sagavanirktok Delta, Alaska",United States,United States,North America,70.18083,-148.04556,1,Marine,NULL,NULL,NULL,NULL,Arctic,Arctic Ocean,Unknown,Catch per unit effort transformed to log e  (CPUE)+1,Fyke net stations at 4 locations,NULL,NULL,NULL,NULL,NULL,NULL,NULL,NULL,NULL,NULL,NULL,NULL,NULL,NULL,NULL,NULL,NULL,NULL,NULL,NULL,NULL,NULL,NULL,NULL,NULL,NULL,NULL,NULL,NULL,NULL,NULL,NULL,NULL,NULL,NULL,0.1325,0.5775,NULL,0.185,0.086,0.2675,0.23,0.13,0.09,NULL,NULL,NULL,NULL,NULL,NULL,NULL,NULL,NULL,NULL,NULL,NULL,NULL,NULL,NULL,NULL,NULL,NULL,NULL,NULL,NULL,NULL
9580,Osmerus_mordax,"{Griffiths, 1998 #2148}",Actinopterygii,Osmeriformes,Osmeridae,Osmerus,mordax,NULL,"(Mitchill, 1814)",Atlantic rainbow smelt,"Sagavanirktok Delta, Alaska",United States,United States,North America,70.18083,-148.04556,1,Marine,NULL,NULL,NULL,NULL,Arctic,Arctic Ocean,Unknown,Catch per unit effort transformed to log e  (CPUE)+1,Fyke net stations at 4 locations,NULL,NULL,NULL,NULL,NULL,NULL,NULL,NULL,NULL,NULL,NULL,NULL,NULL,NULL,NULL,NULL,NULL,NULL,NULL,NULL,NULL,NULL,NULL,NULL,NULL,NULL,NULL,NULL,NULL,NULL,NULL,NULL,NULL,NULL,NULL,0.05,0.267,NULL,0.233,0.533,1.533,2.267,2.325,2.3,NULL,NULL,NULL,NULL,NULL,NULL,NULL,NULL,NULL,NULL,NULL,NULL,NULL,NULL,NULL,NULL,NULL,NULL,NULL,NULL,NULL,NULL
9803,Enhydra_lutris,"{Burn, 2005 #2259}",Mammalia,Carnivora,Mustelidae,Enhydra,lutris,,"(Linnaeus, 1758)",Sea otter,"North Alaskan Peninsula, southwest (offshore)",United States,United States,North America,55.2,-163.76667,0,Marine,NULL,NULL,NULL,NULL,Arctic,North Pacific Ocean,Unknown,Estimated abundance,Arial survey (strip transects),NULL,NULL,NULL,NULL,NULL,NULL,NULL,NULL,NULL,NULL,NULL,NULL,NULL,NULL,NULL,NULL,NULL,NULL,NULL,NULL,NULL,NULL,NULL,NULL,NULL,NULL,NULL,NULL,NULL,NULL,NULL,NULL,NULL,NULL,NULL,NULL,4236,NULL,NULL,NULL,NULL,NULL,NULL,NULL,NULL,NULL,NULL,NULL,NULL,NULL,374,NULL,NULL,NULL,NULL,NULL,NULL,NULL,NULL,NULL,NULL,NULL,NULL,NULL,NULL,NULL
9804,Enhydra_lutris,"{Burn, 2005 #2259}",Mammalia,Carnivora,Mustelidae,Enhydra,lutris,,"(Linnaeus, 1758)",Sea otter,"North Alaskan Peninsula, northeast (offshore)",United States,United States,North America,56.08333,-161.96667,0,Marine,NULL,NULL,NULL,NULL,Arctic,North Pacific Ocean,Unknown,Estimated abundance,Arial survey (strip transects),NULL,NULL,NULL,NULL,NULL,NULL,NULL,NULL,NULL,NULL,NULL,NULL,NULL,NULL,NULL,NULL,NULL,NULL,NULL,NULL,NULL,NULL,NULL,NULL,NULL,NULL,NULL,NULL,NULL,NULL,NULL,NULL,NULL,NULL,NULL,NULL,2238,NULL,NULL,NULL,NULL,NULL,NULL,NULL,NULL,NULL,NULL,NULL,NULL,NULL,4354,NULL,NULL,NULL,NULL,NULL,NULL,NULL,NULL,NULL,NULL,NULL,NULL,NULL,NULL,NULL
9805,Enhydra_lutris,"{Burn, 2005 #2259}",Mammalia,Carnivora,Mustelidae,Enhydra,lutris,NULL,"(Linnaeus, 1758)",Sea otter,South Alaskan Peninsula (offshore) from the Ikatan Peninsula to Shumagin Islands,United States,United States,North America,54.86667,-162.01667,0,Marine,NULL,NULL,NULL,NULL,Arctic,North Pacific Ocean,Unknown,Estimated abundance,Arial survey (strip transects),NULL,NULL,NULL,NULL,NULL,NULL,NULL,NULL,NULL,NULL,NULL,NULL,NULL,NULL,NULL,NULL,NULL,NULL,NULL,NULL,NULL,NULL,NULL,NULL,NULL,NULL,NULL,NULL,NULL,NULL,NULL,NULL,NULL,NULL,NULL,NULL,14042,NULL,NULL,NULL,NULL,NULL,NULL,NULL,NULL,NULL,NULL,NULL,NULL,NULL,NULL,1005,NULL,NULL,NULL,NULL,NULL,NULL,NULL,NULL,NULL,NULL,NULL,NULL,NULL,NULL
9806,Enhydra_lutris,"{Burn, 2005 #2259}",Mammalia,Carnivora,Mustelidae,Enhydra,lutris,NULL,"(Linnaeus, 1758)",Sea otter,"South Alaska Peninsula, coastline of 22 islands",United States,United States,North America,54.86667,-162.01667,0,Marine,NULL,NULL,NULL,NULL,Arctic,North Pacific Ocean,Unknown,Density (total otters per kilometer squared),Arial survey (coastal lengths),NULL,NULL,NULL,NULL,NULL,NULL,NULL,NULL,NULL,NULL,NULL,NULL,NULL,NULL,NULL,NULL,NULL,NULL,NULL,NULL,NULL,NULL,NULL,NULL,NULL,NULL,NULL,NULL,NULL,NULL,NULL,NULL,NULL,NULL,NULL,NULL,1.46,NULL,NULL,2.46,NULL,NULL,NULL,NULL,NULL,NULL,NULL,NULL,NULL,NULL,NULL,0.54,NULL,NULL,NULL,NULL,NULL,NULL,NULL,NULL,NULL,NULL,NULL,NULL,NULL,NULL
9807,Enhydra_lutris,"{Burn, 2005 #2259}",Mammalia,Carnivora,Mustelidae,Enhydra,lutris,,"(Linnaeus, 1758)",Sea otter,"South Alaska peninsula, False Pass to Cape Douglas, coastal",United States,United States,North America,56.71667,-157.15,0,Marine,NULL,NULL,NULL,NULL,Arctic,North Pacific Ocean,Unknown,Density (total otters per kilometer squared),Arial survey (coastal lengths),NULL,NULL,NULL,NULL,NULL,NULL,NULL,NULL,NULL,NULL,NULL,NULL,NULL,NULL,NULL,NULL,NULL,NULL,NULL,NULL,NULL,NULL,NULL,NULL,NULL,NULL,NULL,NULL,NULL,NULL,NULL,NULL,NULL,NULL,NULL,NULL,NULL,NULL,NULL,1.73,NULL,NULL,NULL,NULL,NULL,NULL,NULL,NULL,NULL,NULL,NULL,1.52,NULL,NULL,NULL,NULL,NULL,NULL,NULL,NULL,NULL,NULL,NULL,NULL,NULL,NULL
11117,Gadus_morhua,"{International Council for the Exploration of the Sea, 2011 #2730}",Actinopterygii,Gadiformes,Gadidae,Gadus,morhua,NULL,"Linnaeus, 1758",Atlantic cod / Cod,West Greenland Offshore,International Waters,International Waters,International Waters,61.76667,-50.26667,0,Marine,NULL,NULL,NULL,NULL,Arctic,Arctic Ocean,Unknown,Abundance (1000),Trawl surveys,NULL,NULL,NULL,NULL,NULL,NULL,NULL,NULL,NULL,NULL,NULL,NULL,NULL,NULL,NULL,NULL,NULL,NULL,NULL,NULL,NULL,NULL,NULL,NULL,NULL,NULL,NULL,NULL,NULL,NULL,NULL,NULL,100553,55453,18540,58531,130176,778042,652220,422763,41358,5874,2298,1798,578,339,851,301,1799,1014,2133,7990,4724,6539,32572,67543,248920,173095,46714,10605,32246,NULL,NULL,NULL,NULL,NULL
12011,Somateria_mollissima,"{Mehlum, 2012 #3073}",Aves,Anseriformes,Anatidae,Somateria,mollissima,,"(Linnaeus, 1758)",Common eider,"Kongsfjorden area, Svalbard",Svalbard And Jan Mayen,Svalbard And Jan Mayen,Europe,78.955556,11.995278,0,Marine,NULL,NULL,NULL,NULL,Arctic,Arctic Ocean,Unknown,Number of active nests,"The number of active nests was counted at least once a year, after egg clutch completion. Active nests were defined as nests containing eggs or newly hatched ducklings.",NULL,NULL,NULL,NULL,NULL,NULL,NULL,NULL,NULL,NULL,NULL,NULL,NULL,NULL,NULL,NULL,NULL,NULL,NULL,NULL,NULL,NULL,NULL,NULL,NULL,NULL,NULL,NULL,NULL,NULL,NULL,2993,4947,4909,5098,5068,4024,5350,NULL,NULL,NULL,6163,NULL,5151,NULL,5608,5333,5811,3553,3701,5260,NULL,NULL,NULL,NULL,NULL,NULL,NULL,NULL,NULL,NULL,NULL,NULL,NULL,NULL,NULL
12050,Calidris_ptilocnemis,"{Ruthrauff, 2013 #3092}",Aves,Charadriiformes,Scolopacidae,Calidris,ptilocnemis,ptilocnemis,"(Coues, 1873)",Rock sandpiper,"Upper Cook Inlet, Alaska",United States,United States,North America,61.138056,-151.304167,0,Marine,NULL,NULL,NULL,NULL,Arctic,North Pacific Ocean,Unknown,Number of individuals,Flock size estimates based on aerial surveys,NULL,NULL,NULL,NULL,NULL,NULL,NULL,NULL,NULL,NULL,NULL,NULL,NULL,NULL,NULL,NULL,NULL,NULL,NULL,NULL,NULL,NULL,NULL,NULL,NULL,NULL,NULL,NULL,NULL,NULL,NULL,NULL,NULL,NULL,NULL,NULL,NULL,NULL,NULL,NULL,NULL,NULL,NULL,NULL,NULL,NULL,NULL,15899,14025,8405,6279,11595,4608,11392,7544,8000,3848,5114,6430,5722,4456,6177,11544,NULL,NULL,NULL
12225,Pagophila_eburnea,"{Gilchrist, 2005 #3175}",Aves,Charadriiformes,Laridae,Pagophila,eburnea,,"(Phipps, 1774)",Ivory gull,Ellesmere Island,Canada,Canada,North America,77.44694,-80.822296,0,Marine,NULL,NULL,NULL,NULL,Arctic,Arctic Ocean,Unknown,Number of individual ivory gulls,All surveys conducted by helicopter counting all individuals,NULL,NULL,NULL,NULL,NULL,NULL,NULL,NULL,NULL,NULL,NULL,NULL,NULL,NULL,NULL,NULL,NULL,NULL,NULL,NULL,NULL,NULL,NULL,NULL,NULL,NULL,NULL,NULL,NULL,NULL,NULL,NULL,NULL,NULL,NULL,NULL,NULL,NULL,NULL,NULL,NULL,NULL,NULL,NULL,NULL,NULL,NULL,NULL,NULL,NULL,NULL,NULL,83,11,NULL,NULL,NULL,NULL,NULL,NULL,NULL,NULL,NULL,NULL,NULL,NULL
12257,Polysticta_stelleri,"{Nygård, 1995 #3156} updated with {Žydelis, 2006 #3181}",Aves,Anseriformes,Anatidae,Polysticta,stelleri,,"(Pallas, 1769)",Steller's eider,"Varangerfjord, Finnmark county",Norway,Norway,Europe,70.117025,28.885574,1,Marine,NULL,NULL,NULL,NULL,Arctic,Arctic Ocean,Unknown,Number of individuals,Direct shore and aerial counts in early March as part of the national monitoring programme for seabirds,NULL,NULL,NULL,NULL,NULL,NULL,NULL,NULL,NULL,NULL,NULL,NULL,NULL,NULL,NULL,NULL,NULL,NULL,NULL,NULL,NULL,NULL,NULL,NULL,NULL,NULL,NULL,NULL,NULL,NULL,NULL,6131,4147,4574,10925,12553,7789,8373,5351,NULL,5761,7533,8210,6398,4886,9350,5159,3431,3314,1876,3890,3203,4113,1216,NULL,NULL,NULL,NULL,NULL,NULL,NULL,NULL,NULL,NULL,NULL,NULL
12449,Balaena_mysticetus,"{Harwood, 2010 #3239}",Mammalia,Cetacea,Balaenidae,Balaena,mysticetus,,"Linnaeus, 1758",Bowhead whale,Canadian Beaufort Sea,Canada,Canada,North America,70.005567,-134.78714,0,Marine,NULL,NULL,NULL,NULL,Arctic,Arctic Ocean,Unknown,Number per 100km2,Systematic strip-transect aerial surveys on whale observations,NULL,NULL,NULL,NULL,NULL,NULL,NULL,NULL,NULL,NULL,NULL,NULL,NULL,NULL,NULL,NULL,NULL,NULL,NULL,NULL,NULL,NULL,NULL,NULL,NULL,NULL,NULL,NULL,NULL,NULL,NULL,NULL,NULL,NULL,NULL,NULL,NULL,NULL,NULL,NULL,NULL,NULL,NULL,NULL,NULL,NULL,NULL,NULL,NULL,NULL,NULL,NULL,NULL,NULL,NULL,NULL,NULL,1.81,2.62,0.66,NULL,NULL,NULL,NULL,NULL,NULL
13097,Somateria_mollissima,"{Raven, 2006 #3338}",Aves,Anseriformes,Anatidae,Somateria,mollissima,,"(Linnaeus, 1758)",Common eider,"Quunnguq Lake, Western Victoria Island",Canada,Canada,North America,69.946719,-112.144995,1,Marine,NULL,NULL,NULL,NULL,Arctic,Arctic Ocean,Unknown,Number of individuals per km2,"Straight line aerial transects flown at 30m a.s.l., 2 observers recorded all birds within 200m of the helicopter",NULL,NULL,NULL,NULL,NULL,NULL,NULL,NULL,NULL,NULL,NULL,NULL,NULL,NULL,NULL,NULL,NULL,NULL,NULL,NULL,NULL,NULL,NULL,NULL,NULL,NULL,NULL,NULL,NULL,NULL,NULL,NULL,NULL,NULL,NULL,NULL,NULL,NULL,NULL,NULL,NULL,NULL,39.2,6.2,1.5,NULL,NULL,NULL,NULL,NULL,NULL,NULL,NULL,NULL,0.8,3.9,NULL,NULL,NULL,NULL,NULL,NULL,NULL,NULL,NULL,NULL
13098,Somateria_mollissima,"{Raven, 2006 #3338}",Aves,Anseriformes,Anatidae,Somateria,mollissima,,"(Linnaeus, 1758)",Common eider,"Kagloryuak River Valley, Western Victoria Island",Canada,Canada,North America,70.275612,-110.738745,1,Marine,NULL,NULL,NULL,NULL,Arctic,Arctic Ocean,Unknown,Number of individuals per km2,"Straight line aerial transects flown at 30m a.s.l., 2 observers recorded all birds within 200m of the helicopter",NULL,NULL,NULL,NULL,NULL,NULL,NULL,NULL,NULL,NULL,NULL,NULL,NULL,NULL,NULL,NULL,NULL,NULL,NULL,NULL,NULL,NULL,NULL,NULL,NULL,NULL,NULL,NULL,NULL,NULL,NULL,NULL,NULL,NULL,NULL,NULL,NULL,NULL,NULL,NULL,NULL,NULL,0,1.5,0.7,NULL,NULL,NULL,NULL,NULL,NULL,NULL,NULL,NULL,0,0,NULL,NULL,NULL,NULL,NULL,NULL,NULL,NULL,NULL,NULL
13099,Somateria_mollissima,"{Raven, 2006 #3338}",Aves,Anseriformes,Anatidae,Somateria,mollissima,,"(Linnaeus, 1758)",Common eider,"Tahiryuak Lake, Western Victoria Island",Canada,Canada,North America,70.960079,-111.867134,1,Marine,NULL,NULL,NULL,NULL,Arctic,Arctic Ocean,Unknown,Number of individuals per km2,"Straight line aerial transects flown at 30m a.s.l., 2 observers recorded all birds within 200m of the helicopter",NULL,NULL,NULL,NULL,NULL,NULL,NULL,NULL,NULL,NULL,NULL,NULL,NULL,NULL,NULL,NULL,NULL,NULL,NULL,NULL,NULL,NULL,NULL,NULL,NULL,NULL,NULL,NULL,NULL,NULL,NULL,NULL,NULL,NULL,NULL,NULL,NULL,NULL,NULL,NULL,NULL,NULL,0,0,0,NULL,NULL,NULL,NULL,NULL,NULL,NULL,NULL,NULL,0,0,NULL,NULL,NULL,NULL,NULL,NULL,NULL,NULL,NULL,NULL
13100,Somateria_mollissima,"{Raven, 2006 #3338}",Aves,Anseriformes,Anatidae,Somateria,mollissima,,"(Linnaeus, 1758)",Common eider,"Diamond Jenness Peninsula, Western Victoria Island",Canada,Canada,North America,70.736239,-116.559514,1,Marine,NULL,NULL,NULL,NULL,Arctic,Arctic Ocean,Unknown,Number of individuals per km2,"Straight line aerial transects flown at 30m a.s.l., 2 observers recorded all birds within 200m of the helicopter",NULL,NULL,NULL,NULL,NULL,NULL,NULL,NULL,NULL,NULL,NULL,NULL,NULL,NULL,NULL,NULL,NULL,NULL,NULL,NULL,NULL,NULL,NULL,NULL,NULL,NULL,NULL,NULL,NULL,NULL,NULL,NULL,NULL,NULL,NULL,NULL,NULL,NULL,NULL,NULL,NULL,NULL,33,0.9,10.2,NULL,NULL,NULL,NULL,NULL,NULL,NULL,NULL,NULL,0.9,0,NULL,NULL,NULL,NULL,NULL,NULL,NULL,NULL,NULL,NULL
13101,Somateria_mollissima,"{Raven, 2006 #3338}",Aves,Anseriformes,Anatidae,Somateria,mollissima,,"(Linnaeus, 1758)",Common eider,"Minto Inlet to Wynniatt Bay, Western Victoria Island",Canada,Canada,North America,71.952254,-113.030192,1,Marine,NULL,NULL,NULL,NULL,Arctic,Arctic Ocean,Unknown,Number of individuals per km2,"Straight line aerial transects flown at 30m a.s.l., 2 observers recorded all birds within 200m of the helicopter",NULL,NULL,NULL,NULL,NULL,NULL,NULL,NULL,NULL,NULL,NULL,NULL,NULL,NULL,NULL,NULL,NULL,NULL,NULL,NULL,NULL,NULL,NULL,NULL,NULL,NULL,NULL,NULL,NULL,NULL,NULL,NULL,NULL,NULL,NULL,NULL,NULL,NULL,NULL,NULL,NULL,NULL,7.8,0,0,NULL,NULL,NULL,NULL,NULL,NULL,NULL,NULL,NULL,0,0,NULL,NULL,NULL,NULL,NULL,NULL,NULL,NULL,NULL,NULL
13102,Somateria_mollissima,"{Raven, 2006 #3338}",Aves,Anseriformes,Anatidae,Somateria,mollissima,,"(Linnaeus, 1758)",Common eider,"Prince Albert Peninsula, Western Victoria Island",Canada,Canada,North America,72.581289,-116.457926,1,Marine,NULL,NULL,NULL,NULL,Arctic,Arctic Ocean,Unknown,Number of individuals per km2,"Straight line aerial transects flown at 30m a.s.l., 2 observers recorded all birds within 200m of the helicopter",NULL,NULL,NULL,NULL,NULL,NULL,NULL,NULL,NULL,NULL,NULL,NULL,NULL,NULL,NULL,NULL,NULL,NULL,NULL,NULL,NULL,NULL,NULL,NULL,NULL,NULL,NULL,NULL,NULL,NULL,NULL,NULL,NULL,NULL,NULL,NULL,NULL,NULL,NULL,NULL,NULL,NULL,5.4,0.7,3.6,NULL,NULL,NULL,NULL,NULL,NULL,NULL,NULL,NULL,3.3,1.3,NULL,NULL,NULL,NULL,NULL,NULL,NULL,NULL,NULL,NULL
13103,Somateria_mollissima,"{Raven, 2006 #3338}",Aves,Anseriformes,Anatidae,Somateria,mollissima,,"(Linnaeus, 1758)",Common eider,"Wollaston Peninsula, Western Victoria Island",Canada,Canada,North America,69.825001,-114.370524,1,Marine,NULL,NULL,NULL,NULL,Arctic,Arctic Ocean,Unknown,Number of individuals per km2,"Straight line aerial transects flown at 30m a.s.l., 2 observers recorded all birds within 200m of the helicopter",NULL,NULL,NULL,NULL,NULL,NULL,NULL,NULL,NULL,NULL,NULL,NULL,NULL,NULL,NULL,NULL,NULL,NULL,NULL,NULL,NULL,NULL,NULL,NULL,NULL,NULL,NULL,NULL,NULL,NULL,NULL,NULL,NULL,NULL,NULL,NULL,NULL,NULL,NULL,NULL,NULL,NULL,NULL,0,NULL,NULL,NULL,NULL,NULL,NULL,NULL,NULL,NULL,NULL,1.5,0.8,NULL,NULL,NULL,NULL,NULL,NULL,NULL,NULL,NULL,NULL
13104,Somateria_mollissima,"{Raven, 2006 #3338}",Aves,Anseriformes,Anatidae,Somateria,mollissima,,"(Linnaeus, 1758)",Common eider,"Tassijuak Lake, Western Victoria Island",Canada,Canada,North America,68.887828,-112.876383,1,Marine,NULL,NULL,NULL,NULL,Arctic,Arctic Ocean,Unknown,Number of individuals per km2,"Straight line aerial transects flown at 30m a.s.l., 2 observers recorded all birds within 200m of the helicopter",NULL,NULL,NULL,NULL,NULL,NULL,NULL,NULL,NULL,NULL,NULL,NULL,NULL,NULL,NULL,NULL,NULL,NULL,NULL,NULL,NULL,NULL,NULL,NULL,NULL,NULL,NULL,NULL,NULL,NULL,NULL,NULL,NULL,NULL,NULL,NULL,NULL,NULL,NULL,NULL,NULL,NULL,NULL,0.6,NULL,NULL,NULL,NULL,NULL,NULL,NULL,NULL,NULL,NULL,6.4,1.9,NULL,NULL,NULL,NULL,NULL,NULL,NULL,NULL,NULL,NULL
13244,Ursus_maritimus,"{Taylor, 2008 #3361}",Mammalia,Carnivora,Ursidae,Ursus,maritimus,,"Phipps, 1774",Polar bear,"Lancaster Sound, Nunavut",Canada,Canada,North America,74.646079,-92.875263,1,Marine,NULL,NULL,NULL,NULL,Arctic,Arctic Ocean,Unknown,Number of initial captures,Mark-recapture studies carried out over a systematic search of the area.,NULL,NULL,NULL,NULL,NULL,NULL,NULL,NULL,NULL,NULL,NULL,NULL,NULL,NULL,NULL,NULL,NULL,NULL,NULL,NULL,NULL,NULL,NULL,NULL,NULL,NULL,NULL,NULL,NULL,NULL,NULL,NULL,NULL,NULL,NULL,NULL,NULL,NULL,NULL,NULL,NULL,NULL,NULL,51,91,134,155,184,NULL,NULL,NULL,NULL,NULL,NULL,NULL,NULL,NULL,NULL,NULL,NULL,NULL,NULL,NULL,NULL,NULL,NULL
13245,Ursus_maritimus,"{Taylor, 2008 #3361}",Mammalia,Carnivora,Ursidae,Ursus,maritimus,,"Phipps, 1774",Polar bear,"Norwegian Bay, Nunavut",Canada,Canada,North America,78.310956,-95.276473,1,Marine,NULL,NULL,NULL,NULL,Arctic,Arctic Ocean,Unknown,Number of initial captures,Mark-recapture studies carried out over a systematic search of the area.,NULL,NULL,NULL,NULL,NULL,NULL,NULL,NULL,NULL,NULL,NULL,NULL,NULL,NULL,NULL,NULL,NULL,NULL,NULL,NULL,NULL,NULL,NULL,NULL,NULL,NULL,NULL,NULL,NULL,NULL,NULL,NULL,NULL,NULL,NULL,NULL,NULL,NULL,NULL,NULL,NULL,NULL,NULL,13,NULL,36,19,24,NULL,NULL,NULL,NULL,NULL,NULL,NULL,NULL,NULL,NULL,NULL,NULL,NULL,NULL,NULL,NULL,NULL,NULL
13273,Delphinapterus_leucas,"{DFO, 2009 #3366}",Mammalia,Cetacea,Monodontidae,Delphinapterus,leucas,,"(Pallas, 1776)",Beluga whale,"Eastern Hudson Bay, Québec",Canada,Canada,North America,58.750352,-79.038014,1,Marine,NULL,NULL,NULL,NULL,Arctic,Arctic Ocean,Unknown,Estimated population,Aerial survey and catch information used in an exponential model,NULL,NULL,NULL,NULL,NULL,NULL,NULL,NULL,NULL,NULL,NULL,NULL,NULL,NULL,NULL,NULL,NULL,NULL,NULL,NULL,NULL,NULL,NULL,NULL,NULL,NULL,NULL,NULL,NULL,NULL,NULL,NULL,NULL,NULL,NULL,4310.7,NULL,NULL,NULL,NULL,NULL,NULL,NULL,2751.24,NULL,NULL,NULL,NULL,NULL,NULL,NULL,2929.53,NULL,NULL,4281.58,NULL,NULL,NULL,2673.21,NULL,NULL,NULL,NULL,NULL,NULL,NULL
13310,Pagophila_eburnea,"{Robertson, 2007 #3376}",Aves,Charadriiformes,Laridae,Pagophila,eburnea,,"(Phipps, 1774)",Ivory gull,"Seymour Island, Nunuvat",Canada,Canada,North America,76.810568,-101.267751,1,Marine,NULL,NULL,NULL,NULL,Arctic,Arctic Ocean,Unknown,Number of individuals,"Aerial surveys conducted by three observers in June or July, flying 80-100m from cliff faces at 40-60km/h - when birds were spotted, the helicopter slowed to a hover for a count.",NULL,NULL,NULL,NULL,NULL,NULL,NULL,NULL,NULL,NULL,NULL,NULL,NULL,NULL,NULL,NULL,NULL,NULL,NULL,NULL,NULL,NULL,NULL,NULL,339.78,300.45,300.13,351.3,NULL,NULL,NULL,NULL,NULL,225.34,351.34,NULL,NULL,NULL,NULL,NULL,NULL,NULL,NULL,NULL,NULL,NULL,NULL,NULL,NULL,NULL,NULL,NULL,NULL,200.49,119.91,109.68,143.59,NULL,NULL,NULL,NULL,NULL,NULL,NULL,NULL,NULL
13370,Clangula_hyemalis,"{Alison, 1975 #3388}",Aves,Anseriformes,Anatidae,Clangula,hyemalis,,"(Linnaeus, 1758)",Long-tailed duck,"Churchill, Manitoba",Canada,Canada,North America,58.743557,-93.994599,1,Marine,NULL,NULL,NULL,NULL,Arctic,Arctic Ocean,Unknown,Number of active nests,Total count of active nests in the study area during June every year.,NULL,NULL,NULL,NULL,NULL,NULL,NULL,NULL,NULL,NULL,NULL,NULL,NULL,NULL,NULL,NULL,NULL,NULL,21,21,24,29,NULL,NULL,NULL,NULL,NULL,NULL,NULL,NULL,NULL,NULL,NULL,NULL,NULL,NULL,NULL,NULL,NULL,NULL,NULL,NULL,NULL,NULL,NULL,NULL,NULL,NULL,NULL,NULL,NULL,NULL,NULL,NULL,NULL,NULL,NULL,NULL,NULL,NULL,NULL,NULL,NULL,NULL,NULL,NULL
14864,Odobenus_rosmarus,"{Stewart, 2013 #3444}",Mammalia,Carnivora,Odobenidae,Odobenus,rosmarus,rosmarus,"Illiger, 1815",Pacific walrus,"Eastern Baffin Island, between Cape Dyer and Loks Land, Nunavut",Canada,Canada,North America,64.284513,-63.277839,0,Marine,NULL,NULL,NULL,NULL,Arctic,Arctic Ocean,Unknown,Minimum counted population,Aerial and boat surveys. Tags deployed on a small sample were used to adjust count to include the fraction of the population which was not present at the haul-outs during surveys.,NULL,NULL,NULL,NULL,NULL,NULL,NULL,NULL,NULL,NULL,NULL,NULL,NULL,NULL,NULL,NULL,NULL,NULL,NULL,NULL,NULL,NULL,NULL,NULL,NULL,NULL,NULL,NULL,NULL,NULL,NULL,NULL,NULL,NULL,NULL,NULL,NULL,NULL,NULL,NULL,NULL,NULL,NULL,NULL,NULL,NULL,NULL,NULL,NULL,NULL,NULL,NULL,NULL,NULL,NULL,766,1198,1639,955,NULL,NULL,NULL,NULL,NULL,NULL,NULL
14865,Odobenus_rosmarus,"{Stewart, 2013 #3445}",Mammalia,Carnivora,Odobenidae,Odobenus,rosmarus,rosmarus,"Illiger, 1815",Pacific walrus,"Penny Strait - Lancaster Sound, Nunavut",Canada,Canada,North America,74.21822,-83.9992,0,Marine,NULL,NULL,NULL,NULL,Arctic,Arctic Ocean,Unknown,Minimum counted population,Counts based on aerial surveys were adjusted through tagging to account for individuals not present at haul-outs.,NULL,NULL,NULL,NULL,NULL,NULL,NULL,NULL,NULL,NULL,NULL,NULL,NULL,NULL,NULL,NULL,NULL,NULL,NULL,NULL,NULL,NULL,NULL,NULL,NULL,NULL,NULL,565,NULL,NULL,NULL,NULL,NULL,NULL,NULL,NULL,NULL,NULL,NULL,NULL,NULL,NULL,NULL,NULL,NULL,NULL,NULL,NULL,200,441,149,44,NULL,137,74,17,308,515,308,557,NULL,NULL,NULL,NULL,NULL,NULL
14866,Odobenus_rosmarus,"{Stewart, 2013 #3445}",Mammalia,Carnivora,Odobenidae,Odobenus,rosmarus,rosmarus,"Illiger, 1815",Pacific walrus,"West Jones Sound, Nunavut",Canada,Canada,North America,76.001667,-85.999722,0,Marine,NULL,NULL,NULL,NULL,Arctic,Arctic Ocean,Unknown,Minimum counted population,Counts based on aerial surveys were adjusted through tagging to account for individual not present at haul-outs.,NULL,NULL,NULL,NULL,NULL,NULL,NULL,NULL,NULL,NULL,NULL,NULL,NULL,NULL,NULL,NULL,NULL,NULL,NULL,NULL,NULL,NULL,NULL,NULL,NULL,NULL,NULL,290,NULL,NULL,NULL,NULL,NULL,NULL,NULL,NULL,NULL,NULL,NULL,NULL,NULL,NULL,NULL,NULL,NULL,NULL,NULL,NULL,179,110,204,185,NULL,114,171,19,94,101,404,388,NULL,NULL,NULL,NULL,NULL,NULL
15142,Megaptera_novaeangliae,"{Katona, 1990 #3510}",Mammalia,Cetacea,Balaenopteridae,Megaptera,novaeangliae,,"(Borowski, 1781)",Humpback whale,Western Greenland,Greenland,Greenland,Europe,71.175836,-57.950059,0,Marine,NULL,NULL,NULL,NULL,Arctic,Arctic Ocean,Unknown,Estimated number of individuals,Bailey's modification of the Petersen capture-recapture modelling technique based on annual regional entries in the North Atlantic Humpback Whale Catalogue.,NULL,NULL,NULL,NULL,NULL,NULL,NULL,NULL,NULL,NULL,NULL,NULL,NULL,NULL,NULL,NULL,NULL,NULL,NULL,NULL,NULL,NULL,NULL,NULL,NULL,NULL,NULL,NULL,NULL,NULL,NULL,NULL,181,236,NULL,NULL,NULL,NULL,NULL,NULL,NULL,NULL,NULL,NULL,NULL,NULL,NULL,NULL,NULL,NULL,NULL,NULL,NULL,NULL,NULL,NULL,NULL,NULL,NULL,NULL,NULL,NULL,NULL,NULL,NULL,NULL
17829,Pusa_hispida,"{Ferguson, 2011 #3719}",Mammalia,Carnivora,Phocidae,Pusa,hispida,,"(Schreber, 1775)",Ringed seal,Western Hudson Bay,Canada,Canada,North America,59.871111,-91.911111,1,Marine,NULL,NULL,NULL,NULL,Arctic,Arctic Ocean,Unknown,Individuals per km2,Aerial surveys along strip-transects,NULL,NULL,NULL,NULL,NULL,NULL,NULL,NULL,NULL,NULL,NULL,NULL,NULL,NULL,NULL,NULL,NULL,NULL,NULL,NULL,NULL,NULL,NULL,NULL,NULL,NULL,NULL,NULL,NULL,NULL,NULL,NULL,NULL,NULL,NULL,NULL,NULL,NULL,NULL,NULL,NULL,NULL,NULL,NULL,NULL,1.219,0.992,0.677,NULL,0.445,0.606,NULL,NULL,NULL,NULL,NULL,NULL,0.917,0.439,NULL,0.727,NULL,NULL,NULL,NULL,NULL
